ckpt_group,step,head,tau_l2r,tau_rev_l2r,abs_tau_gt_0.5,quality,quality_std,frame,B_or_BT,near_diag_mass,row_entropy,top1_mass,margin
old,5000,0,-0.3448363095238095,0.3448363095238095,0.95,-1.1896840979233678,0.7719688939869681,model,B,0.09549640156104423,2.409527981584836,0.2249308391453778,1.529361219940988
old,5000,1,-0.26043650793650797,0.26043650793650797,0.15,2.1657623241076487,0.3918527949523388,model,B,0.1046416325580547,1.752188251679586,0.5278628719178122,3.922786934172828
old,5000,2,-0.02576884920634921,0.02576884920634921,0.0,2.1914661631500483,0.6866717545893721,model,B,0.10739784839360876,1.3469517212273354,0.6627196163946257,4.34837240701507
old,5000,3,-0.01169642857142857,0.01169642857142857,0.045,-1.620798415402143,0.8204469388127005,model,B,0.09409235919957429,4.018987274703743,0.0384510151125132,0.49492779787241387
old,5000,4,-0.10447916666666666,0.10447916666666666,0.405,-1.5015613579266898,1.0672091654670002,model,B,0.09413761589131527,3.9614581401354814,0.04978978558190075,0.7397782734803482
old,5000,5,-0.06027281746031746,0.06027281746031746,0.0,-1.2570290771409072,0.7011055167225297,model,B,0.09315866300177085,4.066542456522469,0.03780538996746034,0.821726342362023
old,5000,6,-0.4882142857142857,0.4882142857142857,0.77,-0.27990683270769934,0.8950539324618948,model,B,0.1005014576880863,2.912837600437517,0.1579035840544434,1.2897191560830483
old,5000,7,-0.17834821428571423,0.17834821428571423,0.0,1.4917512938431106,0.40442032987045784,model,B,0.09980599527413198,1.5892101529274862,0.5104117347528813,2.8309295785177313
old,5000,0,0.14827876984126984,-0.14827876984126984,0.74,-1.0411288419753075,1.2017987575741247,model,BT,0.09549640156104423,2.366690169710682,0.23742530014572175,1.5473981194525859
old,5000,1,-0.7516617063492064,0.7516617063492064,0.78,2.0169796182239215,0.6210705746907941,model,BT,0.1046416325580547,1.7203802963197468,0.533580547372495,4.418898591741362
old,5000,2,-0.897906746031746,0.897906746031746,0.905,2.1681686539266547,0.6959576876892163,model,BT,0.10739784839360876,1.318715919181967,0.6669035220274026,4.808837120299262
old,5000,3,0.19258928571428569,-0.19258928571428569,0.58,-1.3267214698124423,0.9941254346805246,model,BT,0.09409235919957429,3.9965169336521167,0.04279140708036851,0.6350245616673447
old,5000,4,0.08340773809523809,-0.08340773809523809,0.095,-0.8636944854503545,0.8512044792025678,model,BT,0.09413761589131527,3.905776340503381,0.05894696075592613,0.9136224431470847
old,5000,5,0.0633234126984127,-0.0633234126984127,0.0,-0.7215244803554393,0.8978485366231138,model,BT,0.09315866300177085,4.032251971281638,0.045277105196926425,0.9908516943013567
old,5000,6,0.1864484126984127,-0.1864484126984127,0.655,-1.0534326632435311,1.0674472991589916,model,BT,0.1005014576880863,2.8689180461162174,0.16656504177613699,1.3218871865630057
old,5000,7,-0.9373015873015873,0.9373015873015873,0.99,0.8213536686864985,0.883941162261892,model,BT,0.09980599527413199,1.5602394277679215,0.5137909167190106,2.9563134605867356
old,5000,0,-0.3448363095238095,0.3448363095238095,0.95,-1.1896840979233678,0.7719688939869681,physical,B,0.7290425323536427,2.4095279815848354,0.2249308391453778,1.529361219940988
old,5000,1,-0.26043650793650797,0.26043650793650797,0.15,2.1657623241076487,0.39185279495233877,physical,B,0.7537683920002977,1.752188251679586,0.5278628719178122,3.922786934172828
old,5000,2,-0.02576884920634921,0.02576884920634921,0.0,2.1914661631500483,0.6866717545893721,physical,B,0.8176237901083294,1.3469517212273354,0.6627196163946256,4.34837240701507
old,5000,3,-0.01169642857142857,0.01169642857142857,0.045,-1.620798415402143,0.8204469388127005,physical,B,0.16309689548375503,4.0189872747037425,0.0384510151125132,0.49492779787241387
old,5000,4,-0.10447916666666666,0.10447916666666666,0.405,-1.5015613579266898,1.0672091654670002,physical,B,0.1612044603460857,3.9614581401354814,0.04978978558190076,0.7397782734803482
old,5000,5,-0.06027281746031746,0.06027281746031746,0.0,-1.2570290771409072,0.7011055167225297,physical,B,0.10725280506447771,4.066542456522469,0.03780538996746035,0.821726342362023
old,5000,6,-0.4882142857142857,0.4882142857142857,0.77,-0.2799068327076994,0.895053932461895,physical,B,0.5206862630181847,2.912837600437517,0.1579035840544434,1.2897191560830483
old,5000,7,-0.17834821428571423,0.17834821428571423,0.0,1.4917512938431106,0.40442032987045784,physical,B,0.8822886612173119,1.5892101529274862,0.5104117347528813,2.8309295785177317
old,5000,0,0.14827876984126984,-0.14827876984126984,0.74,-1.0411288419753075,1.2017987575741247,physical,BT,0.7290425323536428,2.3666901697106826,0.23742530014572175,1.5473981194525859
old,5000,1,-0.7516617063492064,0.7516617063492064,0.78,2.0169796182239215,0.6210705746907941,physical,BT,0.7537683920002977,1.7203802963197468,0.533580547372495,4.418898591741362
old,5000,2,-0.897906746031746,0.897906746031746,0.905,2.1681686539266547,0.6959576876892164,physical,BT,0.8176237901083294,1.318715919181967,0.6669035220274026,4.808837120299262
old,5000,3,0.19258928571428569,-0.19258928571428569,0.58,-1.3267214698124423,0.9941254346805246,physical,BT,0.16309689548375503,3.9965169336521167,0.04279140708036851,0.6350245616673447
old,5000,4,0.08340773809523809,-0.08340773809523809,0.095,-0.8636944854503545,0.8512044792025678,physical,BT,0.1612044603460857,3.905776340503381,0.05894696075592613,0.9136224431470847
old,5000,5,0.0633234126984127,-0.0633234126984127,0.0,-0.7215244803554393,0.8978485366231138,physical,BT,0.10725280506447771,4.032251971281638,0.045277105196926425,0.9908516943013567
old,5000,6,0.1864484126984127,-0.1864484126984127,0.655,-1.0534326632435311,1.0674472991589916,physical,BT,0.5206862630181847,2.8689180461162183,0.16656504177613699,1.3218871865630057
old,5000,7,-0.9373015873015873,0.9373015873015873,0.99,0.8213536686864985,0.8839411622618921,physical,BT,0.8822886612173119,1.560239427767922,0.5137909167190106,2.9563134605867356
old,10000,0,-0.9059474206349206,0.9059474206349206,0.985,-2.633982732442853,0.5811048799681895,model,B,0.0923226739827677,1.960039460415083,0.37684117331178707,1.632286167736447
old,10000,1,1.0,-1.0,1.0,1.4531465316919452,0.6768457886428654,model,B,0.10610173333320809,1.4387542193403133,0.6505522522686633,4.544641492581032
old,10000,2,0.9279761904761904,-0.9279761904761904,0.925,1.6045029757854672,0.6573481193128202,model,B,0.10622941221868726,1.224879751944571,0.7116222825988823,4.555347121696975
old,10000,3,-0.09509920634920635,0.09509920634920635,0.005,-0.5805657518088104,0.3560815377872023,model,B,0.0938537407534674,3.996082660779706,0.041646137366818846,0.5353024839550782
old,10000,4,-0.338422619047619,0.338422619047619,0.455,-0.9322282251377096,0.5743611418854159,model,B,0.0942772127964221,3.964126871822898,0.04945613947603835,0.7141058042124626
old,10000,5,-0.04849206349206349,0.04849206349206349,0.0,-0.345298481649053,0.30080762775362946,model,B,0.09362238250761103,4.064501131381715,0.037631242244303836,0.793375178284893
old,10000,6,0.7212549603174603,-0.7212549603174603,0.89,0.5717133865998778,0.4744407104002042,model,B,0.09901524629113455,2.358404720078003,0.30865153379410704,2.639458341669679
old,10000,7,-0.10982638888888889,0.10982638888888889,0.0,0.8627122969611358,0.5333922430752933,model,B,0.09823592879301868,1.45218780154224,0.5733884323775065,3.3321149203907505
old,10000,0,0.7129861111111111,-0.7129861111111111,0.985,-1.9499976121192202,0.7763827497044177,model,BT,0.0923226739827677,1.9141902478720556,0.38752223585576284,1.7899241354046063
old,10000,1,-0.8636160714285714,0.8636160714285714,0.895,1.9876895945296442,0.6210651949640462,model,BT,0.1061017333332081,1.4009052942534863,0.6562285190162727,4.853501388551056
old,10000,2,-0.8807986111111111,0.8807986111111111,0.895,2.072631349301157,0.5439110856843219,model,BT,0.10622941221868726,1.1848127332313172,0.7189031643290614,4.934197460015427
old,10000,3,0.4350148809523809,-0.4350148809523809,0.41,-1.6808254204823831,0.871279593773089,model,BT,0.0938537407534674,3.9716302105334647,0.045666061852457446,0.691576173372394
old,10000,4,0.08708333333333332,-0.08708333333333332,0.13,-0.8750704174199839,0.7538364837931776,model,BT,0.0942772127964221,3.914268796354955,0.05811285199051705,0.9081281258835665
old,10000,5,0.12523809523809526,-0.12523809523809526,0.005,-0.8064458758685376,0.6389854233074869,model,BT,0.09362238250761103,4.030167376239757,0.04498112113881664,0.9558419020905226
old,10000,6,-0.3134375,0.3134375,0.765,0.33998639052560636,0.9174041549988352,model,BT,0.09901524629113455,2.31300889654295,0.3135685378643705,2.5920966266543712
old,10000,7,-0.951329365079365,0.951329365079365,0.975,0.9120319915337174,0.8952493670155911,model,BT,0.09823592879301868,1.419370274636169,0.5767338745203903,3.398488646525361
old,10000,0,-0.9059474206349206,0.9059474206349206,0.985,-2.633982732442853,0.5811048799681895,physical,B,0.8038547475835442,1.960039460415083,0.3768411733117871,1.632286167736447
old,10000,1,1.0,-1.0,1.0,1.4531465316919452,0.6768457886428654,physical,B,0.8172037713169061,1.4387542193403133,0.6505522522686633,4.544641492581032
old,10000,2,0.9279761904761904,-0.9279761904761904,0.925,1.6045029757854676,0.6573481193128201,physical,B,0.8387681626088593,1.224879751944571,0.7116222825988823,4.555347121696975
old,10000,3,-0.09509920634920635,0.09509920634920635,0.005,-0.5805657518088104,0.35608153778720225,physical,B,0.16911077605577346,3.996082660779706,0.041646137366818846,0.5353024839550781
old,10000,4,-0.338422619047619,0.338422619047619,0.455,-0.9322282251377096,0.5743611418854159,physical,B,0.16781570214103936,3.964126871822898,0.04945613947603835,0.7141058042124626
old,10000,5,-0.04849206349206349,0.04849206349206349,0.0,-0.345298481649053,0.30080762775362946,physical,B,0.11302624581766034,4.064501131381715,0.03763124224430384,0.793375178284893
old,10000,6,0.7212549603174603,-0.7212549603174603,0.89,0.5717133865998778,0.4744407104002042,physical,B,0.7176560499224328,2.3584047200780036,0.308651533794107,2.639458341669679
old,10000,7,-0.10982638888888889,0.10982638888888889,0.0,0.8627122969611358,0.5333922430752933,physical,B,0.8949803209362428,1.4521878015422403,0.5733884323775065,3.3321149203907505
old,10000,0,0.7129861111111111,-0.7129861111111111,0.985,-1.9499976121192202,0.7763827497044177,physical,BT,0.8038547475835442,1.9141902478720558,0.38752223585576284,1.7899241354046063
old,10000,1,-0.8636160714285714,0.8636160714285714,0.895,1.9876895945296442,0.6210651949640461,physical,BT,0.8172037713169062,1.4009052942534865,0.6562285190162727,4.853501388551056
old,10000,2,-0.8807986111111111,0.8807986111111111,0.895,2.072631349301157,0.5439110856843219,physical,BT,0.8387681626088593,1.1848127332313174,0.7189031643290613,4.934197460015427
old,10000,3,0.4350148809523809,-0.4350148809523809,0.41,-1.6808254204823831,0.871279593773089,physical,BT,0.16911077605577346,3.971630210533464,0.045666061852457446,0.691576173372394
old,10000,4,0.08708333333333332,-0.08708333333333332,0.13,-0.8750704174199839,0.7538364837931776,physical,BT,0.16781570214103936,3.914268796354955,0.05811285199051705,0.9081281258835665
old,10000,5,0.12523809523809526,-0.12523809523809526,0.005,-0.8064458758685376,0.6389854233074869,physical,BT,0.11302624581766034,4.030167376239757,0.04498112113881664,0.9558419020905223
old,10000,6,-0.3134375,0.3134375,0.765,0.33998639052560636,0.9174041549988352,physical,BT,0.7176560499224328,2.31300889654295,0.3135685378643705,2.5920966266543712
old,10000,7,-0.951329365079365,0.951329365079365,0.975,0.9120319915337174,0.8952493670155911,physical,BT,0.8949803209362428,1.419370274636169,0.5767338745203904,3.398488646525361
old,20000,0,-0.9992113095238097,0.9992113095238097,1.0,-2.088574987919509,0.5024450411473551,model,B,0.09666174052116575,1.685968048205467,0.5077968474046815,2.74692651162733
old,20000,1,0.9972321428571428,-0.9972321428571428,1.0,1.6766656964546416,0.4145900391396888,model,B,0.10459527071673659,1.3360598018667857,0.7062891580473392,4.614817406811798
old,20000,2,1.0,-1.0,1.0,1.818445255673785,0.4131266713431822,model,B,0.10936200317912817,0.6042235763463789,0.8851288652518836,4.856889236741299
old,20000,3,-0.09658234126984126,0.09658234126984126,0.005,-0.9982124627363208,0.6010046150781309,model,B,0.09319793767529488,3.8342592090963983,0.06169194561346063,0.6374937557080124
old,20000,4,-0.02170634920634922,0.02170634920634922,0.755,-1.14364620109417,0.7145140065796427,model,B,0.09389109079540088,3.898449163757492,0.05561580150302241,0.6919696110290465
old,20000,5,-0.06920138888888888,0.06920138888888888,0.01,-0.9064155064534054,0.6056374532916755,model,B,0.09368012618534198,4.06632898433309,0.03685039998988126,0.7595625764403092
old,20000,6,0.32964781746031746,-0.32964781746031746,0.805,0.5109223122916223,0.8763085369590233,model,B,0.09862962578476997,2.1396352472183873,0.4005364523406524,3.075348298306457
old,20000,7,0.999375,-0.999375,1.0,1.1308158937833557,0.4203268173264622,model,B,0.10055513806950149,1.2248949536392404,0.6516609228497015,3.72253722085742
old,20000,0,0.9330654761904762,-0.9330654761904762,1.0,-2.0904428302429756,0.3199418925967294,model,BT,0.09666174052116575,1.6331881466399505,0.5143859180315645,2.8295819517497285
old,20000,1,-0.9975446428571427,0.9975446428571427,1.0,2.016672257589616,0.24078740212447056,model,BT,0.10459527071673655,1.2947074687163536,0.7146274920701746,5.081128161198217
old,20000,2,-1.0,1.0,1.0,2.1572824927189904,0.23960584467961663,model,BT,0.1093620031791282,0.571815706270132,0.8918616995399062,5.32323025947407
old,20000,3,0.38414186507936504,-0.38414186507936504,0.205,-1.828139542031606,0.44979024954724234,model,BT,0.09319793767529488,3.8059305780392885,0.06667304097313201,0.8484070735976711
old,20000,4,0.010510912698412693,-0.010510912698412693,0.48,-1.2776578789367095,0.6500486601195073,model,BT,0.09389109079540088,3.8552162120466953,0.06352413674772582,0.833333180813022
old,20000,5,0.04854662698412698,-0.04854662698412698,0.005,-1.1049911622083073,0.39041751234631794,model,BT,0.09368012618534198,4.034286219975352,0.043475051122185145,0.9329472810068665
old,20000,6,-0.8631349206349205,0.8631349206349205,0.965,0.9169792600060158,0.43321884197934096,model,BT,0.09862962578476996,2.096005789479934,0.40456968682219524,3.2591427984298025
old,20000,7,-0.9866914682539683,0.9866914682539683,1.0,1.210297403104976,0.24875913874612973,model,BT,0.10055513806950149,1.181645689823326,0.6548484989666999,3.674552595495902
old,20000,0,-0.9992113095238097,0.9992113095238097,1.0,-2.088574987919509,0.5024450411473551,physical,B,0.8525179355649252,1.685968048205467,0.5077968474046815,2.7469265116273305
old,20000,1,0.9972321428571428,-0.9972321428571428,1.0,1.6766656964546416,0.4145900391396889,physical,B,0.841431139599999,1.3360598018667857,0.7062891580473392,4.614817406811798
old,20000,2,1.0,-1.0,1.0,1.818445255673785,0.4131266713431822,physical,B,0.9376437766523702,0.6042235763463789,0.8851288652518836,4.856889236741299
old,20000,3,-0.09658234126984126,0.09658234126984126,0.005,-0.9982124627363208,0.6010046150781309,physical,B,0.21889165605157718,3.834259209096398,0.06169194561346063,0.6374937557080124
old,20000,4,-0.02170634920634922,0.02170634920634922,0.755,-1.14364620109417,0.7145140065796427,physical,B,0.20176225768405925,3.898449163757492,0.05561580150302241,0.6919696110290465
old,20000,5,-0.06920138888888888,0.06920138888888888,0.01,-0.9064155064534054,0.6056374532916755,physical,B,0.11483112018261746,4.06632898433309,0.03685039998988126,0.7595625764403091
old,20000,6,0.32964781746031746,-0.32964781746031746,0.805,0.5109223122916223,0.8763085369590233,physical,B,0.783533052358501,2.1396352472183873,0.40053645234065244,3.075348298306457
old,20000,7,0.999375,-0.999375,1.0,1.1308158937833557,0.4203268173264622,physical,B,0.9379222530392898,1.2248949536392404,0.6516609228497015,3.72253722085742
old,20000,0,0.9330654761904762,-0.9330654761904762,1.0,-2.0904428302429756,0.3199418925967294,physical,BT,0.8525179355649252,1.6331881466399505,0.5143859180315646,2.8295819517497285
old,20000,1,-0.9975446428571427,0.9975446428571427,1.0,2.016672257589616,0.24078740212447056,physical,BT,0.8414311395999989,1.2947074687163536,0.7146274920701748,5.081128161198217
old,20000,2,-1.0,1.0,1.0,2.1572824927189904,0.23960584467961665,physical,BT,0.9376437766523702,0.571815706270132,0.8918616995399062,5.32323025947407
old,20000,3,0.38414186507936504,-0.38414186507936504,0.205,-1.828139542031606,0.4497902495472423,physical,BT,0.21889165605157718,3.8059305780392885,0.06667304097313201,0.8484070735976711
old,20000,4,0.010510912698412693,-0.010510912698412693,0.48,-1.2776578789367095,0.6500486601195072,physical,BT,0.20176225768405925,3.8552162120466953,0.06352413674772582,0.833333180813022
old,20000,5,0.04854662698412698,-0.04854662698412698,0.005,-1.1049911622083075,0.39041751234631794,physical,BT,0.11483112018261746,4.034286219975352,0.043475051122185145,0.9329472810068664
old,20000,6,-0.8631349206349205,0.8631349206349205,0.965,0.9169792600060159,0.43321884197934096,physical,BT,0.783533052358501,2.096005789479934,0.40456968682219524,3.2591427984298025
old,20000,7,-0.9866914682539683,0.9866914682539683,1.0,1.2102974031049758,0.24875913874612973,physical,BT,0.9379222530392899,1.181645689823326,0.6548484989666999,3.674552595495902
new,5000,0,0.011894841269841272,-0.011894841269841272,0.0,-0.23948609539559837,0.5779323326706587,model,B,0.09244161984017076,4.078653028469865,0.03533487712119972,0.7671970271692743
new,5000,1,0.09021329365079366,-0.09021329365079366,0.115,0.6746846146570887,0.8439064536316714,model,B,0.10123928821485459,3.022903651513259,0.2264309358526525,2.559159944801108
new,5000,2,-0.14358630952380952,0.14358630952380952,0.025,2.452242487984862,0.871913890497499,model,B,0.10114575047099407,2.485367271491564,0.40128465395493257,4.448560002683138
new,5000,3,0.21909722222222222,-0.21909722222222222,0.005,-1.1897956752027077,0.8929342281758268,model,B,0.0930638407764004,4.041623849577486,0.0381614352626028,0.491661930618068
new,5000,4,-0.06668154761904763,0.06668154761904763,0.205,0.24747195432091218,0.9730266152234827,model,B,0.09790340526191227,2.9461439117949664,0.21855692593626258,2.476475514223529
new,5000,5,-0.7551438492063491,0.7551438492063491,0.93,-1.5987304289541187,0.8525028304401042,model,B,0.08894038771333969,2.4616865124813487,0.34010155456346697,1.3718065805410924
new,5000,6,0.25914186507936504,-0.25914186507936504,0.075,-1.301595700802952,0.7134776037074024,model,B,0.09252639227263187,3.266594180686852,0.143261188889615,0.9526072583777833
new,5000,7,0.0001636904761904745,-0.0001636904761904745,0.125,0.9552088433925138,0.905427180288982,model,B,0.10149277746307014,2.9007289882469376,0.2786643551949444,2.742548583739459
new,5000,0,0.017594246031746034,-0.017594246031746034,0.0,-1.132458259123905,0.5573658299103471,model,BT,0.09244161984017076,4.046273465192986,0.04190101830650216,0.9393491107520079
new,5000,1,-0.7498462301587301,0.7498462301587301,0.845,1.3237782072659419,0.5979611079265095,model,BT,0.10123928821485459,3.003116552659068,0.230193450316888,3.4717424482540706
new,5000,2,-0.9861359126984126,0.9861359126984126,0.99,2.2785430636660915,0.46774046093351135,model,BT,0.10114575047099407,2.4704294117693695,0.4066440056049156,4.641265418684284
new,5000,3,-0.4622718253968254,0.4622718253968254,0.4,-0.6983546535461432,0.297183785437178,model,BT,0.0930638407764004,4.012442537569651,0.04234877593299041,0.7375993482368085
new,5000,4,0.043511904761904766,-0.043511904761904766,0.495,-0.34851945384811217,0.9822752951599615,model,BT,0.09790340526191227,2.909544573437897,0.22940183361742844,2.808285786534428
new,5000,5,0.641577380952381,-0.641577380952381,0.965,-2.3067098272177917,0.6110673580848266,model,BT,0.08894038771333969,2.428726947778904,0.3515718593961242,1.7031440003966565
new,5000,6,-0.05165178571428571,0.05165178571428571,0.035,-0.8407692001408228,0.537044702017404,model,BT,0.09252639227263187,3.2291023638738205,0.15225571391407203,1.3100035142307218
new,5000,7,-0.8182291666666667,0.8182291666666667,0.875,1.7244901229447414,0.5542626913172215,model,BT,0.10149277746307014,2.8769518196785167,0.2830754631433343,3.9522350406980205
new,5000,0,0.011894841269841272,-0.011894841269841272,0.0,-0.23948609539559576,0.5779323326706571,physical,B,0.1070122593467023,4.078653028469865,0.03533487712119972,0.7671970271692743
new,5000,1,0.09021329365079366,-0.09021329365079366,0.115,0.6746846146570814,0.8439064536316823,physical,B,0.3153621125905264,3.0229036515132583,0.2264309358526525,2.559159944801108
new,5000,2,-0.14358630952380952,0.14358630952380952,0.025,2.4522424879848748,0.8719138904975147,physical,B,0.4999357347886387,2.4853672714911688,0.4012846539551178,4.448560002683178
new,5000,3,0.21909722222222222,-0.21909722222222222,0.005,-1.1897956752027037,0.8929342281758266,physical,B,0.1489408542351523,4.041623849577485,0.0381614352626028,0.49166193061806795
new,5000,4,-0.06668154761904763,0.06668154761904763,0.205,0.24747195432090474,0.9730266152234848,physical,B,0.573121766887358,2.946143911794966,0.21855692593626258,2.4764755142235284
new,5000,5,-0.7551438492063491,0.7551438492063491,0.93,-1.5987304289541173,0.8525028304401036,physical,B,0.6950478698833382,2.4616865124813487,0.34010155456346697,1.3718065805410924
new,5000,6,0.25914186507936504,-0.25914186507936504,0.075,-1.301595700802949,0.7134776037074021,physical,B,0.4288677813938229,3.266594180686852,0.143261188889615,0.9526072583777833
new,5000,7,0.0001636904761904745,-0.0001636904761904745,0.125,0.955208843392505,0.9054271802889676,physical,B,0.3833379765377461,2.9007289882469376,0.2786643551949444,2.742548583739459
new,5000,0,0.017594246031746034,-0.017594246031746034,0.0,-1.1324582591238772,0.5573658299103929,physical,BT,0.1070122593467023,4.046273465192986,0.04190101830650216,0.9393491107520079
new,5000,1,-0.7498462301587301,0.7498462301587301,0.845,1.3237782072658806,0.5979611079265438,physical,BT,0.3153621125905264,3.003116552659068,0.230193450316888,3.4717424482540706
new,5000,2,-0.9861359126984126,0.9861359126984126,0.99,2.2785430636662216,0.46774046093351884,physical,BT,0.4999357347886387,2.4704294117689978,0.4066440056051117,4.641265418684599
new,5000,3,-0.4622718253968254,0.4622718253968254,0.4,-0.6983546535461173,0.29718378543718676,physical,BT,0.1489408542351523,4.012442537569651,0.04234877593299041,0.7375993482368085
new,5000,4,0.043511904761904766,-0.043511904761904766,0.495,-0.3485194538481526,0.9822752951599508,physical,BT,0.573121766887358,2.909544573437897,0.22940183361742844,2.808285786534428
new,5000,5,0.641577380952381,-0.641577380952381,0.965,-2.306709827217799,0.6110673580848215,physical,BT,0.6950478698833382,2.4287269477789044,0.3515718593961242,1.7031440003966565
new,5000,6,-0.05165178571428571,0.05165178571428571,0.035,-0.8407692001408126,0.5370447020174127,physical,BT,0.4288677813938229,3.2291023638738205,0.15225571391407203,1.3100035142307218
new,5000,7,-0.8182291666666667,0.8182291666666667,0.875,1.7244901229446556,0.5542626913175261,physical,BT,0.3833379765377461,2.8769518196785167,0.2830754631433343,3.9522350406980205
new,10000,0,0.004434523809523809,-0.004434523809523809,0.0,-0.7698164771995921,0.5531567499439021,model,B,0.09269757918285196,4.083396628359027,0.034157500167796104,0.7379246086075024
new,10000,1,0.5032142857142857,-0.5032142857142857,0.62,0.33544161794764327,1.235268996318239,model,B,0.09964663840119471,2.81459088708242,0.2847902954876804,3.375970757786756
new,10000,2,-0.06253472222222221,0.06253472222222221,0.125,2.2167320573065465,0.6288328202290183,model,B,0.10147462483432745,2.3491359859781573,0.43018601994876887,4.539217339808138
new,10000,3,0.03118055555555556,-0.03118055555555556,0.0,-1.1429862495717733,0.6156108150539081,model,B,0.0929642761256093,4.033824975509131,0.04024415396211579,0.5244640555482494
new,10000,4,-0.28778769841269836,0.28778769841269836,0.35,0.7129893675291135,0.6966648311224612,model,B,0.09774525878166646,3.029331305439554,0.23682278096382117,2.6675740598406263
new,10000,5,-0.9734176587301587,0.9734176587301587,0.975,-0.651142569987709,0.9191204454967914,model,B,0.09650775864547581,2.093820225339568,0.5057350109455578,3.0396091284793068
new,10000,6,0.3880109126984127,-0.3880109126984127,0.2,-1.323257274597571,0.9057318259390726,model,B,0.09068323436990941,2.966655592510086,0.21651497435623082,1.46061569076169
new,10000,7,-0.025719246031746034,0.025719246031746034,0.07,0.6220395285733423,0.6446173846961135,model,B,0.10009683330356277,2.8533794078713854,0.30310780527528114,2.76969042303903
new,10000,0,-0.001865079365079363,0.001865079365079363,0.0,-1.278706432396618,0.4505001978133072,model,BT,0.09269757918285196,4.05385346277783,0.040165393274824907,0.9242943050070557
new,10000,1,-0.7141021825396825,0.7141021825396825,0.8,1.3760648917970137,0.3935250774482247,model,BT,0.09964663840119471,2.792580972744503,0.28931394149834305,3.9716842684542244
new,10000,2,-0.9954563492063491,0.9954563492063491,1.0,1.7003107408107536,0.6608968582385851,model,BT,0.10147462483432745,2.335924557065492,0.4357728969885949,4.713798034229623
new,10000,3,-0.4422073412698413,0.4422073412698413,0.305,-1.1483141318297416,0.3576992240124108,model,BT,0.0929642761256093,4.009792164081035,0.04413820885001224,0.7575103723318404
new,10000,4,-0.01158234126984128,0.01158234126984128,0.47,0.26906776107616376,0.8583495422465213,model,BT,0.09774525878166646,2.9994523712454733,0.24372613833846987,3.3395299908246523
new,10000,5,0.9686011904761905,-0.9686011904761905,1.0,-1.8615059083641388,0.46733828175884645,model,BT,0.09650775864547581,2.0497612286861453,0.5107783527225325,3.354490193289698
new,10000,6,-0.2950843253968254,0.2950843253968254,0.01,-0.3867466483256028,0.3755593515452409,model,BT,0.09068323436990941,2.9285772579543505,0.2270790067674588,1.7528049210291676
new,10000,7,-0.5344097222222222,0.5344097222222222,0.63,1.3298297272321704,0.4339536397002491,model,BT,0.10009683330356277,2.829909783083814,0.30759761093907545,3.986878617374306
new,10000,0,0.004434523809523809,-0.004434523809523809,0.0,-0.7698164771995921,0.5531567499439021,physical,B,0.1035685698736761,4.083396628359027,0.034157500167796104,0.7379246086075024
new,10000,1,0.5032142857142857,-0.5032142857142857,0.62,0.33544161794764327,1.235268996318239,physical,B,0.36295110693566307,2.81459088708242,0.2847902954876804,3.375970757786756
new,10000,2,-0.06253472222222221,0.06253472222222221,0.125,2.2167320573065465,0.6288328202290183,physical,B,0.5031807076588247,2.3491359859781573,0.43018601994876887,4.539217339808138
new,10000,3,0.03118055555555556,-0.03118055555555556,0.0,-1.1429862495717733,0.6156108150539081,physical,B,0.1510969050771915,4.033824975509131,0.04024415396211579,0.5244640555482494
new,10000,4,-0.28778769841269836,0.28778769841269836,0.35,0.7129893675291135,0.6966648311224612,physical,B,0.5166572066946917,3.029331305439554,0.23682278096382117,2.6675740598406263
new,10000,5,-0.9734176587301587,0.9734176587301587,0.975,-0.6511425699877091,0.9191204454967914,physical,B,0.7226887160150522,2.093820225339568,0.5057350109455578,3.0396091284793068
new,10000,6,0.3880109126984127,-0.3880109126984127,0.2,-1.323257274597571,0.9057318259390726,physical,B,0.5368790072121857,2.966655592510086,0.2165149743562308,1.46061569076169
new,10000,7,-0.025719246031746034,0.025719246031746034,0.07,0.6220395285733423,0.6446173846961135,physical,B,0.3965112077325331,2.8533794078713854,0.30310780527528114,2.7696904230390293
new,10000,0,-0.001865079365079363,0.001865079365079363,0.0,-1.278706432396618,0.4505001978133072,physical,BT,0.1035685698736761,4.05385346277783,0.040165393274824907,0.9242943050070557
new,10000,1,-0.7141021825396825,0.7141021825396825,0.8,1.3760648917970137,0.39352507744822474,physical,BT,0.36295110693566307,2.792580972744503,0.28931394149834305,3.9716842684542253
new,10000,2,-0.9954563492063491,0.9954563492063491,1.0,1.7003107408107534,0.6608968582385851,physical,BT,0.5031807076588247,2.335924557065492,0.4357728969885949,4.713798034229623
new,10000,3,-0.4422073412698413,0.4422073412698413,0.305,-1.1483141318297414,0.35769922401241067,physical,BT,0.1510969050771915,4.009792164081035,0.04413820885001224,0.7575103723318404
new,10000,4,-0.01158234126984128,0.01158234126984128,0.47,0.26906776107616376,0.8583495422465212,physical,BT,0.5166572066946917,2.9994523712454737,0.24372613833846984,3.3395299908246523
new,10000,5,0.9686011904761905,-0.9686011904761905,1.0,-1.8615059083641388,0.46733828175884645,physical,BT,0.7226887160150522,2.0497612286861453,0.5107783527225324,3.354490193289698
new,10000,6,-0.2950843253968254,0.2950843253968254,0.01,-0.38674664832560274,0.3755593515452409,physical,BT,0.5368790072121857,2.9285772579543505,0.2270790067674588,1.7528049210291676
new,10000,7,-0.5344097222222222,0.5344097222222222,0.63,1.3298297272321706,0.4339536397002491,physical,BT,0.3965112077325331,2.829909783083814,0.30759761093907545,3.986878617374306
new,20000,0,-0.013437499999999998,0.013437499999999998,0.0,-0.6773393990319241,0.36599743546537983,model,B,0.09278862505828313,4.084872212942361,0.03375330295094526,0.7333371343389061
new,20000,1,0.8541021825396825,-0.8541021825396825,0.875,0.36687588145740335,0.8604001833331814,model,B,0.09899595709768967,2.6333871412322902,0.3129190584242494,3.5544848652338747
new,20000,2,-0.020124007936507936,0.020124007936507936,0.14,1.887420724948224,0.5224938132161204,model,B,0.10130570489632419,2.279536507086976,0.4505639947223615,4.60104413638926
new,20000,3,0.09481150793650793,-0.09481150793650793,0.0,-0.9123766128076298,0.3724736526818001,model,B,0.09365634225904985,4.0443752296088515,0.038204673041291104,0.5256533910282535
new,20000,4,0.17989583333333328,-0.17989583333333328,0.15,0.8650341901098438,0.6102933684128087,model,B,0.10047037456965605,2.944954273893543,0.2924705053492252,3.0359747474448664
new,20000,5,-0.9475099206349207,0.9475099206349207,0.955,-1.0454765810081603,0.5920036360285789,model,B,0.10378633819930483,1.6842941902315551,0.6373447272275865,4.003998211401909
new,20000,6,0.44479166666666664,-0.44479166666666664,0.35,-0.7989735529992437,0.574613415568832,model,B,0.090812689443384,2.9590881994535914,0.22446008828378047,1.2982308080260563
new,20000,7,0.07662202380952382,-0.07662202380952382,0.085,0.3148353493314866,0.4896732907933438,model,B,0.10069122520076033,2.7705903223529242,0.3128202405871964,2.587672321796954
new,20000,0,-0.007971230158730159,0.007971230158730159,0.0,-1.2832996623944877,0.35937354780744,model,BT,0.09278862505828313,4.055174404013693,0.039662760275531575,0.894800012663753
new,20000,1,-0.9242906746031746,0.9242906746031746,0.945,1.2008796654287703,0.29226161124338734,model,BT,0.09899595709768967,2.6097331231721936,0.31762005574324276,4.090806728993702
new,20000,2,-0.9912996031746032,0.9912996031746032,0.995,1.6065539721506845,0.3380181130574275,model,BT,0.10130570489632419,2.264502218279577,0.4564776761352089,4.77391631321311
new,20000,3,-0.4252083333333333,0.4252083333333333,0.305,-1.1112804961327802,0.27014586233009935,model,BT,0.09365634225904985,4.020735122064698,0.04255018827411515,0.7541619635371077
new,20000,4,-0.07345734126984127,0.07345734126984127,0.43,0.5953151210655971,0.7016951255802553,model,BT,0.10047037456965605,2.9205165769724055,0.2965597052515891,4.016623291871316
new,20000,5,0.9992311507936509,-0.9992311507936509,1.0,-1.3367489366655014,0.23140031129697902,model,BT,0.10378633819930483,1.6417751411240766,0.642642014723175,4.76632803068492
new,20000,6,-0.37964285714285706,0.37964285714285706,0.1,-0.35335731451228825,0.29012496171996915,model,BT,0.090812689443384,2.924432523700625,0.23561424929644012,1.731840602191033
new,20000,7,-0.2184077380952381,0.2184077380952381,0.415,0.6819376510600051,0.5783715639284112,model,BT,0.10069122520076033,2.7484916332906995,0.31690444390278477,3.804726320468102
new,20000,0,-0.013437499999999998,0.013437499999999998,0.0,-0.6773393990319241,0.36599743546537983,physical,B,0.1054055916953158,4.084872212942361,0.03375330295094526,0.7333371343389061
new,20000,1,0.8541021825396825,-0.8541021825396825,0.875,0.36687588145740335,0.8604001833331812,physical,B,0.38233809648174,2.6333871412322902,0.3129190584242494,3.5544848652338747
new,20000,2,-0.020124007936507936,0.020124007936507936,0.14,1.8874207249482238,0.5224938132161204,physical,B,0.519197454089369,2.279536507086976,0.4505639947223615,4.60104413638926
new,20000,3,0.09481150793650793,-0.09481150793650793,0.0,-0.9123766128076296,0.37247365268180005,physical,B,0.1439373344424418,4.044375229608851,0.038204673041291104,0.5256533910282535
new,20000,4,0.17989583333333328,-0.17989583333333328,0.15,0.8650341901098438,0.6102933684128086,physical,B,0.46791040255899985,2.944954273893543,0.2924705053492252,3.0359747474448664
new,20000,5,-0.9475099206349207,0.9475099206349207,0.955,-1.0454765810081603,0.5920036360285789,physical,B,0.7460168879028986,1.6842941902315551,0.6373447272275865,4.003998211401909
new,20000,6,0.44479166666666664,-0.44479166666666664,0.35,-0.7989735529992436,0.574613415568832,physical,B,0.5466271470404589,2.9590881994535914,0.22446008828378047,1.2982308080260563
new,20000,7,0.07662202380952382,-0.07662202380952382,0.085,0.31483534933148666,0.4896732907933438,physical,B,0.4040906793272423,2.7705903223529242,0.3128202405871964,2.587672321796954
new,20000,0,-0.007971230158730159,0.007971230158730159,0.0,-1.2832996623944877,0.35937354780744,physical,BT,0.1054055916953158,4.055174404013693,0.039662760275531575,0.894800012663753
new,20000,1,-0.9242906746031746,0.9242906746031746,0.945,1.2008796654287703,0.2922616112433874,physical,BT,0.38233809648174,2.6097331231721936,0.3176200557432427,4.090806728993702
new,20000,2,-0.9912996031746032,0.9912996031746032,0.995,1.6065539721506845,0.3380181130574275,physical,BT,0.519197454089369,2.264502218279577,0.4564776761352089,4.77391631321311
new,20000,3,-0.4252083333333333,0.4252083333333333,0.305,-1.1112804961327802,0.27014586233009935,physical,BT,0.1439373344424418,4.020735122064698,0.042550188274115136,0.7541619635371077
new,20000,4,-0.07345734126984127,0.07345734126984127,0.43,0.5953151210655973,0.7016951255802553,physical,BT,0.46791040255899985,2.9205165769724055,0.2965597052515891,4.016623291871316
new,20000,5,0.9992311507936509,-0.9992311507936509,1.0,-1.336748936665501,0.23140031129697902,physical,BT,0.7460168879028986,1.6417751411240766,0.642642014723175,4.76632803068492
new,20000,6,-0.37964285714285706,0.37964285714285706,0.1,-0.35335731451228825,0.2901249617199691,physical,BT,0.5466271470404589,2.9244325237006246,0.23561424929644012,1.7318406021910329
new,20000,7,-0.2184077380952381,0.2184077380952381,0.415,0.681937651060005,0.5783715639284113,physical,BT,0.4040906793272423,2.7484916332906995,0.3169044439027847,3.804726320468102
