setup	sample_idx	sample_id	readiness_strength	asymmetry	row_entropy	top1_mass	top4_mass	argmax_dist	p_nbr_le1	locality_score	local_greedy_dist	directionality	out_degree_std	in_degree_std
e3_ctrl_small	0	212188	17.717283	0.563243	0.974071	0.046256	0.145205	2.781250	0.593750	0.478516	3.587302	0.359375	0.047711	0.012981
e3_ctrl_small	1	299036	18.332985	0.563831	0.974765	0.045513	0.143302	3.031250	0.562500	0.431641	3.809524	0.390625	0.049136	0.013940
e3_ctrl_small	2	475978	15.810599	0.518471	0.975150	0.047535	0.145186	2.875000	0.609375	0.460937	3.682540	0.406250	0.041581	0.014194
e3_ctrl_small	3	588988	18.342000	0.560770	0.974414	0.046067	0.143158	3.062500	0.531250	0.425781	4.063492	0.390625	0.049665	0.014135
e3_ctrl_small	4	138859	15.533641	0.545364	0.973902	0.045750	0.145388	3.609375	0.437500	0.323242	4.095238	0.312500	0.040127	0.013861
e3_ctrl_small	5	764498	18.237840	0.573908	0.974127	0.048516	0.147115	3.109375	0.531250	0.416992	4.523810	0.375000	0.049913	0.012527
e3_ctrl_small	6	337706	16.445968	0.526135	0.974679	0.045882	0.142529	2.625000	0.671875	0.507812	4.253968	0.421875	0.043417	0.012772
e3_ctrl_small	7	257163	17.674459	0.547199	0.973966	0.047971	0.144857	2.484375	0.671875	0.534180	3.555556	0.468750	0.047711	0.013443
e3_ctrl_small	8	632647	17.023424	0.541890	0.973214	0.046488	0.146939	2.531250	0.593750	0.525391	3.619048	0.421875	0.046363	0.012387
e3_ctrl_small	9	517320	16.024236	0.540523	0.974268	0.047669	0.146152	2.546875	0.687500	0.522461	3.746032	0.437500	0.042363	0.013331
e3_ctrl_small	10	53867	14.669304	0.538341	0.976516	0.044551	0.140893	3.015625	0.609375	0.434570	4.047619	0.375000	0.039854	0.011351
e3_ctrl_small	11	501703	17.335294	0.552811	0.975049	0.044287	0.140104	3.687500	0.484375	0.308594	4.174603	0.296875	0.045171	0.014976
e3_ctrl_small	12	722280	17.353400	0.560804	0.974363	0.044376	0.142223	3.171875	0.562500	0.405273	4.047619	0.375000	0.045310	0.014986
e3_ctrl_small	13	689644	14.934313	0.503679	0.977762	0.045142	0.139253	2.656250	0.656250	0.501953	3.396825	0.453125	0.040207	0.012362
e3_ctrl_small	14	220424	14.936328	0.534295	0.975330	0.045487	0.142561	2.875000	0.546875	0.460937	3.809524	0.468750	0.039527	0.012382
e3_ctrl_small	15	221365	14.177925	0.506495	0.977041	0.044135	0.140355	2.875000	0.515625	0.460937	3.730159	0.359375	0.037585	0.012155
e3_ctrl_small	16	666661	15.808783	0.534319	0.975214	0.045823	0.144289	2.906250	0.515625	0.455078	3.936508	0.390625	0.041989	0.013386
e3_ctrl_small	17	766729	16.453703	0.540856	0.975088	0.043903	0.141487	2.718750	0.562500	0.490234	3.190476	0.484375	0.043621	0.013114
e3_ctrl_small	18	393371	15.843042	0.530680	0.975075	0.045433	0.142979	3.250000	0.562500	0.390625	4.222222	0.390625	0.041659	0.013080
e3_ctrl_small	19	763584	16.276705	0.526493	0.977340	0.043267	0.138081	3.046875	0.562500	0.428711	3.619048	0.390625	0.042186	0.014169
e3_ctrl_small	20	603776	15.609637	0.531333	0.974417	0.047419	0.145448	3.171875	0.515625	0.405273	3.682540	0.343750	0.040505	0.013738
e3_ctrl_small	21	619790	15.028137	0.522873	0.975232	0.046427	0.144060	2.750000	0.593750	0.484375	4.190476	0.375000	0.039852	0.012993
e3_ctrl_small	22	748239	14.553004	0.522090	0.976329	0.043740	0.140170	3.015625	0.562500	0.434570	4.015873	0.406250	0.038226	0.012209
e3_ctrl_small	23	496290	17.485062	0.557824	0.975019	0.045996	0.142161	2.937500	0.546875	0.449219	3.619048	0.359375	0.045052	0.015289
e3_ctrl_small	24	298474	14.298643	0.508607	0.976523	0.042083	0.138220	3.843750	0.453125	0.279297	4.000000	0.359375	0.037637	0.012660
e3_ctrl_small	25	186184	17.865458	0.563205	0.974368	0.045935	0.143806	3.250000	0.531250	0.390625	4.317460	0.312500	0.047704	0.013879
e3_ctrl_small	26	13118	15.731476	0.507503	0.977644	0.042105	0.136163	2.953125	0.578125	0.446289	3.444444	0.390625	0.041903	0.013246
e3_ctrl_small	27	405703	17.165897	0.553436	0.975698	0.045390	0.141783	3.062500	0.531250	0.425781	4.142857	0.406250	0.045578	0.015658
e3_ctrl_small	28	564350	16.364729	0.551157	0.974776	0.044699	0.141352	2.921875	0.593750	0.452148	3.492063	0.390625	0.044858	0.011738
e3_ctrl_small	29	557362	16.606077	0.543582	0.976205	0.044545	0.140207	2.562500	0.625000	0.519531	3.158730	0.359375	0.043734	0.014478
e3_ctrl_small	30	209303	17.021615	0.555379	0.974077	0.045689	0.145418	2.468750	0.640625	0.537109	3.539683	0.390625	0.045579	0.013350
e3_ctrl_small	31	108492	17.652011	0.550363	0.975127	0.043535	0.140763	3.750000	0.390625	0.296875	3.952381	0.281250	0.045624	0.014817
e3_ctrl_small	32	82329	16.720755	0.548170	0.974663	0.046987	0.143692	2.546875	0.640625	0.522461	3.634921	0.437500	0.044238	0.013584
e3_ctrl_small	33	734779	16.625976	0.542540	0.975578	0.044559	0.142935	3.015625	0.484375	0.434570	3.984127	0.390625	0.044401	0.012714
e3_ctrl_small	34	203929	16.746141	0.555693	0.975323	0.045102	0.140884	3.375000	0.562500	0.367187	4.000000	0.375000	0.043887	0.013127
e3_ctrl_small	35	465228	17.276782	0.542317	0.975731	0.046365	0.143324	3.218750	0.500000	0.396484	3.825397	0.328125	0.046471	0.012374
e3_ctrl_small	36	735817	15.403810	0.544541	0.973771	0.046452	0.145449	3.359375	0.500000	0.370117	4.619048	0.359375	0.040843	0.011592
e3_ctrl_small	37	718211	15.430444	0.522673	0.975943	0.045385	0.140788	2.781250	0.609375	0.478516	3.714286	0.421875	0.040559	0.013741
e3_ctrl_small	38	263219	15.966027	0.526415	0.974496	0.044687	0.143476	3.062500	0.468750	0.425781	3.873016	0.296875	0.041909	0.013649
e3_ctrl_small	39	444011	16.265711	0.546772	0.974338	0.045221	0.144307	2.968750	0.593750	0.443359	4.095238	0.375000	0.043604	0.012787
e3_ctrl_small	40	392219	19.092701	0.577521	0.973404	0.049550	0.147336	3.062500	0.562500	0.425781	4.634921	0.359375	0.051153	0.014934
e3_ctrl_small	41	556725	14.721388	0.506655	0.976779	0.043216	0.140171	3.250000	0.593750	0.390625	3.666667	0.390625	0.039143	0.011904
e3_ctrl_small	42	481318	14.802229	0.517825	0.973629	0.046213	0.144321	3.296875	0.531250	0.381836	3.873016	0.406250	0.037766	0.014161
e3_ctrl_small	43	443666	16.964358	0.546925	0.976172	0.043572	0.140485	3.250000	0.484375	0.390625	4.095238	0.312500	0.044409	0.014704
e3_ctrl_small	44	325297	17.572953	0.553198	0.975446	0.042880	0.141074	2.640625	0.578125	0.504883	3.682540	0.390625	0.047370	0.012999
e3_ctrl_small	45	722634	18.995066	0.557783	0.975211	0.045305	0.141957	3.078125	0.578125	0.422852	4.444444	0.375000	0.050485	0.014469
e3_ctrl_small	46	515933	16.350619	0.544497	0.974969	0.046092	0.142595	2.796875	0.546875	0.475586	3.761905	0.437500	0.043314	0.013811
e3_ctrl_small	47	627060	17.146747	0.537102	0.976670	0.043977	0.139107	3.093750	0.515625	0.419922	4.111111	0.390625	0.044934	0.014275
e3_ctrl_small	48	215351	13.359023	0.489721	0.977189	0.044142	0.139316	3.453125	0.546875	0.352539	4.396825	0.281250	0.034946	0.011737
e3_ctrl_small	49	257371	14.423759	0.518781	0.975917	0.044668	0.142783	3.359375	0.515625	0.370117	3.936508	0.296875	0.038057	0.012608
e3_ctrl_small	50	497883	15.765030	0.530992	0.975027	0.045029	0.141949	3.312500	0.531250	0.378906	4.158730	0.390625	0.041849	0.013123
e3_ctrl_small	51	584057	14.886163	0.525702	0.976044	0.042348	0.138506	3.171875	0.500000	0.405273	3.746032	0.328125	0.039120	0.013874
e3_ctrl_small	52	294246	17.210730	0.553122	0.974736	0.045117	0.143381	3.187500	0.437500	0.402344	4.047619	0.359375	0.045294	0.013845
e3_ctrl_small	53	651272	15.653647	0.527924	0.974909	0.046051	0.143126	2.796875	0.609375	0.475586	3.952381	0.406250	0.041038	0.013044
e3_ctrl_small	54	308061	15.255961	0.533566	0.974583	0.044687	0.142397	3.875000	0.484375	0.273437	4.047619	0.312500	0.040609	0.011842
e3_ctrl_small	55	301354	17.449591	0.541468	0.975313	0.044962	0.140985	3.437500	0.437500	0.355469	4.222222	0.312500	0.045248	0.014695
e3_ctrl_small	56	481161	15.230654	0.532805	0.973903	0.046745	0.145200	3.187500	0.484375	0.402344	4.333333	0.343750	0.039661	0.013060
e3_ctrl_small	57	480827	16.219980	0.552875	0.974468	0.045861	0.143333	3.281250	0.453125	0.384766	4.349206	0.296875	0.042799	0.013519
e3_ctrl_small	58	636624	16.728438	0.545613	0.974175	0.046012	0.145253	3.187500	0.500000	0.402344	4.190476	0.312500	0.043489	0.013488
e3_ctrl_small	59	795507	16.699723	0.534421	0.975422	0.044478	0.141757	2.421875	0.703125	0.545898	3.730159	0.421875	0.044341	0.014205
e3_ctrl_small	60	429556	12.767895	0.503974	0.975647	0.044630	0.141199	2.765625	0.609375	0.481445	3.603175	0.343750	0.033981	0.012406
e3_ctrl_small	61	446465	14.192524	0.521702	0.973391	0.047586	0.146808	2.671875	0.609375	0.499023	3.730159	0.375000	0.037795	0.011365
e3_ctrl_small	62	434483	16.838296	0.541569	0.975961	0.045763	0.140781	2.812500	0.625000	0.472656	3.730159	0.390625	0.045610	0.013453
e3_ctrl_small	63	626575	17.157710	0.536199	0.974709	0.046957	0.145169	3.015625	0.515625	0.434570	4.063492	0.406250	0.045398	0.012395
e3_ctrl_small	64	777557	19.532455	0.593638	0.972150	0.047171	0.148038	2.671875	0.562500	0.499023	3.539683	0.375000	0.051575	0.015879
e3_ctrl_small	65	386197	15.498971	0.544552	0.975209	0.043938	0.141850	3.562500	0.484375	0.332031	3.888889	0.328125	0.040682	0.013176
e3_ctrl_small	66	111836	17.595283	0.558231	0.976123	0.044168	0.140839	3.265625	0.500000	0.387695	4.380952	0.343750	0.045980	0.015231
e3_ctrl_small	67	673453	15.864277	0.530596	0.976149	0.043410	0.139585	2.453125	0.671875	0.540039	3.793651	0.328125	0.041767	0.013256
e3_ctrl_small	68	458158	16.422956	0.567674	0.972771	0.047171	0.147809	3.156250	0.468750	0.408203	4.222222	0.343750	0.043123	0.013824
e3_ctrl_small	69	780750	12.995653	0.506380	0.974560	0.046063	0.145089	3.281250	0.531250	0.384766	4.333333	0.390625	0.033928	0.011996
e3_ctrl_small	70	8717	14.715008	0.530484	0.974329	0.045742	0.143951	2.921875	0.578125	0.452148	3.666667	0.375000	0.038281	0.012735
e3_ctrl_small	71	509097	17.372804	0.569420	0.974378	0.046111	0.146077	3.296875	0.515625	0.381836	3.888889	0.390625	0.045556	0.013616
e3_ctrl_small	72	105807	15.729931	0.533465	0.975571	0.045207	0.141578	2.906250	0.609375	0.455078	3.952381	0.421875	0.040778	0.013943
e3_ctrl_small	73	552624	19.764949	0.575916	0.974474	0.044380	0.141357	2.843750	0.531250	0.466797	3.952381	0.343750	0.050238	0.017137
e3_ctrl_small	74	242859	17.820694	0.567006	0.974674	0.046889	0.144577	3.187500	0.562500	0.402344	3.793651	0.375000	0.048263	0.013765
e3_ctrl_small	75	287297	15.627120	0.527548	0.975161	0.045354	0.143707	2.796875	0.578125	0.475586	3.634921	0.359375	0.041697	0.012593
e3_ctrl_small	76	676175	15.929897	0.547146	0.975494	0.042863	0.140233	3.656250	0.453125	0.314453	4.349206	0.375000	0.041844	0.013710
e3_ctrl_small	77	571841	14.720134	0.523737	0.974632	0.046274	0.145056	3.140625	0.546875	0.411133	4.015873	0.359375	0.039641	0.012783
e3_ctrl_small	78	408429	17.141526	0.548970	0.973838	0.047262	0.144992	2.843750	0.531250	0.466797	3.539683	0.375000	0.044747	0.013591
e3_ctrl_small	79	481372	15.591673	0.515379	0.975607	0.044972	0.140716	2.828125	0.609375	0.469727	3.507937	0.531250	0.041873	0.013644
e3_ctrl_small	80	44006	17.651219	0.560095	0.974867	0.045787	0.142792	2.859375	0.515625	0.463867	3.539683	0.375000	0.046771	0.013477
e3_ctrl_small	81	656029	14.331131	0.520515	0.973729	0.047320	0.146765	2.625000	0.593750	0.507812	4.015873	0.437500	0.037708	0.012367
e3_ctrl_small	82	117647	15.890160	0.531712	0.974040	0.045931	0.145707	3.031250	0.546875	0.431641	4.142857	0.390625	0.041648	0.013314
e3_ctrl_small	83	680597	16.818145	0.543259	0.975386	0.045488	0.142352	2.890625	0.625000	0.458008	4.000000	0.390625	0.044367	0.013880
e3_ctrl_small	84	37072	18.186599	0.539243	0.974060	0.047105	0.145210	2.187500	0.687500	0.589844	3.380952	0.453125	0.049162	0.014342
e3_ctrl_small	85	13510	15.704584	0.534169	0.976278	0.045456	0.141155	2.890625	0.578125	0.458008	4.047619	0.406250	0.041125	0.013109
e3_ctrl_small	86	68602	15.951880	0.528632	0.974032	0.046997	0.145135	2.890625	0.562500	0.458008	3.825397	0.390625	0.041565	0.015496
e3_ctrl_small	87	270616	17.017400	0.536912	0.975741	0.046830	0.143342	2.625000	0.656250	0.507812	4.015873	0.421875	0.045159	0.013908
e3_ctrl_small	88	684982	14.902866	0.509363	0.976205	0.045268	0.140598	3.046875	0.562500	0.428711	3.603175	0.390625	0.040063	0.012848
e3_ctrl_small	89	28846	16.555646	0.539348	0.974954	0.045565	0.143790	2.968750	0.562500	0.443359	3.873016	0.328125	0.044170	0.013180
e3_ctrl_small	90	585946	15.187595	0.526543	0.974138	0.046228	0.144393	2.843750	0.593750	0.466797	3.666667	0.437500	0.041546	0.011584
e3_ctrl_small	91	309807	14.630333	0.517464	0.973851	0.046801	0.144866	2.640625	0.578125	0.504883	3.142857	0.468750	0.038089	0.013173
e3_ctrl_small	92	597615	17.706618	0.540264	0.975228	0.046055	0.143164	2.812500	0.640625	0.472656	3.777778	0.390625	0.046375	0.016343
e3_ctrl_small	93	743619	17.570607	0.562394	0.974610	0.046868	0.144078	3.421875	0.437500	0.358398	4.063492	0.375000	0.045973	0.015403
e3_ctrl_small	94	18279	15.291559	0.540445	0.973420	0.048810	0.148351	2.453125	0.640625	0.540039	3.698413	0.406250	0.039426	0.013690
e3_ctrl_small	95	679149	16.268863	0.536402	0.974661	0.046680	0.143863	3.187500	0.515625	0.402344	4.269841	0.390625	0.041776	0.014760
e3_ctrl_small	96	515366	16.251017	0.539087	0.976156	0.045528	0.141260	3.328125	0.500000	0.375977	3.920635	0.421875	0.043807	0.013284
e3_ctrl_small	97	158674	15.844746	0.515980	0.977329	0.044053	0.139347	3.031250	0.546875	0.431641	4.206349	0.375000	0.042580	0.012912
e3_ctrl_small	98	515203	16.075473	0.534223	0.974397	0.046576	0.145062	2.734375	0.562500	0.487305	3.238095	0.375000	0.042762	0.012080
e3_ctrl_small	99	347630	17.630808	0.553078	0.974714	0.046407	0.144194	2.390625	0.656250	0.551758	3.444444	0.390625	0.047194	0.012272
e3_ctrl_small	100	59787	16.083949	0.527867	0.976751	0.045162	0.140755	2.312500	0.656250	0.566406	3.809524	0.468750	0.042307	0.013930
e3_ctrl_small	101	587177	18.486206	0.555539	0.974746	0.045314	0.141634	2.703125	0.578125	0.493164	3.634921	0.390625	0.048657	0.013759
e3_ctrl_small	102	412250	15.816458	0.528658	0.974686	0.045431	0.143321	2.968750	0.546875	0.443359	3.936508	0.375000	0.041392	0.013575
e3_ctrl_small	103	324558	15.748204	0.530038	0.974819	0.045890	0.143124	3.125000	0.531250	0.414062	4.349206	0.359375	0.042308	0.012306
e3_ctrl_small	104	449575	17.404553	0.555585	0.973961	0.047926	0.145424	2.546875	0.625000	0.522461	3.825397	0.406250	0.044951	0.015505
e3_ctrl_small	105	39781	17.158655	0.555423	0.974673	0.045350	0.142838	3.140625	0.578125	0.411133	3.825397	0.343750	0.045450	0.013547
e3_ctrl_small	106	217632	16.627543	0.546788	0.976510	0.044134	0.140583	3.703125	0.453125	0.305664	4.444444	0.328125	0.044597	0.012766
e3_ctrl_small	107	274429	14.952649	0.529706	0.975327	0.045467	0.141622	2.906250	0.515625	0.455078	3.793651	0.375000	0.039760	0.012000
e3_ctrl_small	108	264590	17.243016	0.554546	0.975054	0.044806	0.140826	3.453125	0.453125	0.352539	4.412698	0.375000	0.045020	0.014344
e3_ctrl_small	109	150508	17.059908	0.543462	0.975123	0.046144	0.143065	2.750000	0.625000	0.484375	3.825397	0.453125	0.044780	0.013650
e3_ctrl_small	110	721739	15.244661	0.532126	0.974725	0.046592	0.144230	3.578125	0.468750	0.329102	3.682540	0.390625	0.040333	0.012412
e3_ctrl_small	111	157576	13.580266	0.507006	0.976908	0.044074	0.140578	2.703125	0.500000	0.493164	3.793651	0.328125	0.036004	0.011754
e3_ctrl_small	112	56891	15.656904	0.553212	0.973351	0.047654	0.146953	3.125000	0.531250	0.414062	4.000000	0.421875	0.040177	0.014161
e3_ctrl_small	113	539290	16.420625	0.529296	0.975579	0.047144	0.142991	2.343750	0.671875	0.560547	3.238095	0.437500	0.042662	0.013612
e3_ctrl_small	114	193974	15.120631	0.506353	0.976724	0.045461	0.140036	3.500000	0.500000	0.343750	3.920635	0.343750	0.040159	0.012556
e3_ctrl_small	115	780759	14.579056	0.515549	0.975948	0.044985	0.140317	3.015625	0.562500	0.434570	3.888889	0.359375	0.038771	0.012548
e3_ctrl_small	116	362640	14.360282	0.515912	0.976004	0.044295	0.140053	3.515625	0.468750	0.340820	4.634921	0.343750	0.037147	0.011955
e3_ctrl_small	117	553540	17.193455	0.541460	0.974277	0.046139	0.144763	2.828125	0.625000	0.469727	3.888889	0.421875	0.043776	0.015215
e3_ctrl_small	118	485997	16.429755	0.526645	0.975637	0.044851	0.142152	3.468750	0.546875	0.349609	4.396825	0.375000	0.043139	0.013488
e3_ctrl_small	119	46793	18.496010	0.590618	0.972820	0.045170	0.145470	2.921875	0.515625	0.452148	3.380952	0.390625	0.047916	0.015043
e3_ctrl_small	120	629262	15.787298	0.543911	0.973705	0.046923	0.145649	3.093750	0.515625	0.419922	4.047619	0.375000	0.041601	0.013608
e3_ctrl_small	121	611785	17.675082	0.546450	0.975631	0.045356	0.141465	3.453125	0.500000	0.352539	3.492063	0.437500	0.046340	0.014297
e3_ctrl_small	122	301957	13.822941	0.506064	0.974272	0.047200	0.145530	2.828125	0.562500	0.469727	3.793651	0.375000	0.036391	0.011676
e3_ctrl_small	123	794108	18.234606	0.558469	0.974733	0.044427	0.143178	3.234375	0.500000	0.393555	3.761905	0.359375	0.047455	0.015242
e3_ctrl_small	124	321182	17.344226	0.549775	0.975165	0.045152	0.141733	3.125000	0.562500	0.414062	4.777778	0.359375	0.047163	0.012473
e3_ctrl_small	125	421206	15.895453	0.532840	0.975124	0.047221	0.144982	2.296875	0.640625	0.569336	4.158730	0.390625	0.042727	0.012491
e3_ctrl_small	126	643413	16.921445	0.545868	0.975609	0.044563	0.140451	3.250000	0.515625	0.390625	4.174603	0.375000	0.045259	0.013317
e3_ctrl_small	127	414043	15.481906	0.525525	0.975277	0.045141	0.141545	2.593750	0.609375	0.513672	3.968254	0.359375	0.041427	0.012802
e3_ctrl_small	128	455082	14.698728	0.509994	0.976737	0.044198	0.140177	2.531250	0.609375	0.525391	3.507937	0.421875	0.038072	0.012538
e3_ctrl_small	129	463213	17.500718	0.567392	0.973774	0.047208	0.145316	2.578125	0.671875	0.516602	4.000000	0.484375	0.045408	0.014398
e3_ctrl_small	130	311738	15.703909	0.524245	0.975164	0.045022	0.143139	2.625000	0.593750	0.507812	3.904762	0.375000	0.041272	0.013413
e3_ctrl_small	131	436244	16.896181	0.550167	0.974243	0.045398	0.143495	3.296875	0.468750	0.381836	3.761905	0.343750	0.045340	0.011856
e3_ctrl_small	132	39949	16.872473	0.551363	0.973749	0.047358	0.147256	2.531250	0.687500	0.525391	4.031746	0.437500	0.044517	0.013428
e3_ctrl_small	133	325638	17.878884	0.552263	0.974965	0.045351	0.141630	3.156250	0.515625	0.408203	4.079365	0.390625	0.045399	0.015758
e3_ctrl_small	134	127955	17.078155	0.534963	0.974581	0.046112	0.143798	3.062500	0.546875	0.425781	3.698413	0.375000	0.045175	0.013234
e3_ctrl_small	135	369950	15.607122	0.540404	0.974998	0.044368	0.141200	3.062500	0.515625	0.425781	3.952381	0.390625	0.042085	0.011660
e3_ctrl_small	136	65574	17.535984	0.562831	0.974394	0.044601	0.142580	3.109375	0.531250	0.416992	3.841270	0.359375	0.047594	0.011720
e3_ctrl_small	137	481960	13.380723	0.504250	0.976580	0.044544	0.140312	3.328125	0.500000	0.375977	3.936508	0.312500	0.034806	0.012840
e3_ctrl_small	138	525852	16.516172	0.542045	0.975135	0.045090	0.142825	2.828125	0.593750	0.469727	3.238095	0.343750	0.043734	0.013470
e3_ctrl_small	139	473420	15.535253	0.525267	0.973768	0.047096	0.143517	2.937500	0.562500	0.449219	3.539683	0.375000	0.041559	0.011786
e3_ctrl_small	140	510625	16.090580	0.545565	0.973959	0.045967	0.144944	3.187500	0.562500	0.402344	3.619048	0.359375	0.041981	0.014352
e3_ctrl_small	141	189989	17.378465	0.561061	0.973390	0.045302	0.145992	2.812500	0.578125	0.472656	4.063492	0.375000	0.045869	0.014504
e3_ctrl_small	142	477704	16.863460	0.555521	0.975230	0.044604	0.142025	3.156250	0.546875	0.408203	3.904762	0.390625	0.044311	0.013553
e3_ctrl_small	143	192398	18.138276	0.555478	0.975209	0.045113	0.143328	2.921875	0.562500	0.452148	4.079365	0.390625	0.047866	0.014843
e3_ctrl_small	144	465370	14.791239	0.535131	0.973887	0.045591	0.145415	2.828125	0.578125	0.469727	3.682540	0.343750	0.038524	0.013224
e3_ctrl_small	145	420566	16.276209	0.538015	0.976117	0.045503	0.140661	3.171875	0.453125	0.405273	4.079365	0.296875	0.042652	0.014092
e3_ctrl_small	146	610922	15.185943	0.536803	0.974465	0.047500	0.144685	2.828125	0.515625	0.469727	3.444444	0.390625	0.039314	0.013358
e3_ctrl_small	147	463610	13.149135	0.512851	0.976360	0.043312	0.138915	3.984375	0.390625	0.252930	4.650794	0.218750	0.033976	0.012974
e3_ctrl_small	148	762337	17.108621	0.537748	0.975024	0.045576	0.143133	3.218750	0.531250	0.396484	3.825397	0.390625	0.046574	0.013507
e3_ctrl_small	149	305219	18.951039	0.570177	0.973799	0.047171	0.143918	2.968750	0.562500	0.443359	4.158730	0.390625	0.049890	0.014931
e3_ctrl_small	150	332769	16.560969	0.542122	0.975026	0.047192	0.144598	3.125000	0.546875	0.414062	4.253968	0.375000	0.044555	0.012124
e3_ctrl_small	151	243940	14.728708	0.516403	0.976481	0.044632	0.140967	2.578125	0.593750	0.516602	3.634921	0.359375	0.039688	0.012145
e3_ctrl_small	152	124824	15.806306	0.533154	0.975550	0.045263	0.142055	2.812500	0.625000	0.472656	4.000000	0.421875	0.041459	0.014203
e3_ctrl_small	153	363092	14.711478	0.509547	0.975471	0.044048	0.143557	3.109375	0.515625	0.416992	3.761905	0.375000	0.037945	0.013817
e3_ctrl_small	154	532452	18.484128	0.553392	0.975985	0.044754	0.141732	3.125000	0.531250	0.414062	4.206349	0.390625	0.048632	0.014707
e3_ctrl_small	155	3520	18.859131	0.575663	0.975605	0.044050	0.140731	3.781250	0.421875	0.291016	4.841270	0.328125	0.050140	0.015040
e3_ctrl_small	156	194990	16.228897	0.553592	0.974339	0.045806	0.144133	3.265625	0.500000	0.387695	4.015873	0.343750	0.041875	0.014405
e3_ctrl_small	157	598381	18.843625	0.565760	0.973655	0.045611	0.145242	2.734375	0.609375	0.487305	3.587302	0.359375	0.049633	0.016167
e3_ctrl_small	158	238879	17.196989	0.557594	0.973724	0.046167	0.145248	3.468750	0.453125	0.349609	3.984127	0.343750	0.044368	0.014411
e3_ctrl_small	159	167238	16.670578	0.542106	0.975284	0.046541	0.142336	3.171875	0.562500	0.405273	3.841270	0.406250	0.044496	0.013036
e3_ctrl_small	160	110783	13.830367	0.506284	0.974147	0.045719	0.145974	2.718750	0.578125	0.490234	4.000000	0.359375	0.037238	0.011006
e3_ctrl_small	161	547692	15.365799	0.539744	0.974960	0.045503	0.143639	3.859375	0.359375	0.276367	4.301587	0.296875	0.040620	0.013324
e3_ctrl_small	162	229581	14.811375	0.527461	0.974189	0.046355	0.146166	2.796875	0.593750	0.475586	3.571429	0.375000	0.038387	0.013047
e3_ctrl_small	163	1359	15.198159	0.530652	0.974902	0.044919	0.141484	2.765625	0.593750	0.481445	4.031746	0.406250	0.040881	0.012904
e3_ctrl_small	164	777961	17.295035	0.560205	0.974129	0.044456	0.143659	2.843750	0.593750	0.466797	3.476190	0.390625	0.045930	0.014440
e3_ctrl_small	165	774315	17.848265	0.548911	0.975436	0.044153	0.141300	3.375000	0.484375	0.367187	3.682540	0.359375	0.046905	0.014505
e3_ctrl_small	166	564280	18.350607	0.553542	0.975241	0.044376	0.141376	3.203125	0.531250	0.399414	4.206349	0.375000	0.049498	0.013067
e3_ctrl_small	167	653300	17.270089	0.545588	0.974150	0.044970	0.143145	2.953125	0.562500	0.446289	4.476190	0.421875	0.046963	0.013328
e3_ctrl_small	168	662372	15.737133	0.522199	0.975520	0.044586	0.139149	3.343750	0.437500	0.373047	4.174603	0.296875	0.041443	0.012824
e3_ctrl_small	169	742436	13.580957	0.513903	0.976628	0.042698	0.138420	2.625000	0.515625	0.507812	4.015873	0.375000	0.035901	0.011302
e3_ctrl_small	170	490832	17.766841	0.560623	0.974350	0.044873	0.143516	3.078125	0.515625	0.422852	3.857143	0.390625	0.045877	0.015625
e3_ctrl_small	171	438305	15.375047	0.533058	0.975395	0.044518	0.142363	2.984375	0.578125	0.440430	4.190476	0.390625	0.041204	0.013331
e3_ctrl_small	172	299274	14.958306	0.520665	0.974787	0.047217	0.143178	2.437500	0.640625	0.542969	3.587302	0.406250	0.039719	0.012529
e3_ctrl_small	173	212743	15.783083	0.517374	0.975835	0.046731	0.143401	3.109375	0.625000	0.416992	3.380952	0.406250	0.043369	0.013071
e3_ctrl_small	174	680560	16.096611	0.540979	0.976220	0.042788	0.139146	3.890625	0.390625	0.270508	3.920635	0.328125	0.042589	0.013405
e3_ctrl_small	175	259997	13.239279	0.507879	0.974791	0.046444	0.145592	3.390625	0.562500	0.364258	3.904762	0.406250	0.034669	0.011707
e3_ctrl_small	176	727508	16.032733	0.545657	0.974272	0.046281	0.145591	2.671875	0.640625	0.499023	3.428571	0.421875	0.040880	0.016005
e3_ctrl_small	177	83093	16.282193	0.547922	0.974055	0.045733	0.144558	3.000000	0.562500	0.437500	4.000000	0.375000	0.042676	0.013244
e3_ctrl_small	178	732372	16.369004	0.541688	0.973340	0.047894	0.144817	2.562500	0.625000	0.519531	3.539683	0.468750	0.043460	0.014073
e3_ctrl_small	179	107209	17.164312	0.544475	0.975454	0.045772	0.142666	3.093750	0.578125	0.419922	4.079365	0.406250	0.044442	0.015375
e3_ctrl_small	180	347780	16.696458	0.548901	0.974968	0.045794	0.141895	3.312500	0.453125	0.378906	4.015873	0.375000	0.044161	0.013313
e3_ctrl_small	181	795885	14.603817	0.521221	0.975501	0.045518	0.142537	3.843750	0.500000	0.279297	4.682540	0.312500	0.039690	0.010556
e3_ctrl_small	182	786905	14.551638	0.518857	0.975615	0.043963	0.140623	3.000000	0.531250	0.437500	3.730159	0.375000	0.038620	0.011989
e3_ctrl_small	183	604541	17.680241	0.547891	0.975335	0.045380	0.142511	3.078125	0.500000	0.422852	3.571429	0.375000	0.046289	0.013936
e3_ctrl_small	184	16423	17.426134	0.561112	0.975671	0.043177	0.139549	3.953125	0.453125	0.258789	4.079365	0.281250	0.046508	0.013692
e3_ctrl_small	185	645891	15.085680	0.510455	0.976378	0.043698	0.139799	3.281250	0.515625	0.384766	4.142857	0.328125	0.039883	0.013658
e3_ctrl_small	186	168619	14.964180	0.529992	0.974012	0.044871	0.143972	2.718750	0.640625	0.490234	3.857143	0.406250	0.038522	0.013737
e3_ctrl_small	187	65342	17.061659	0.550058	0.973633	0.047465	0.144570	3.265625	0.562500	0.387695	3.523810	0.390625	0.045104	0.013542
e3_ctrl_small	188	578387	18.680619	0.570716	0.975263	0.044749	0.140661	3.250000	0.562500	0.390625	4.476190	0.359375	0.048573	0.015819
e3_ctrl_small	189	142447	14.880773	0.539985	0.974721	0.044454	0.143220	3.031250	0.515625	0.431641	3.603175	0.343750	0.039391	0.013330
e3_ctrl_small	190	276528	15.675629	0.535943	0.974815	0.045390	0.143867	2.875000	0.562500	0.460937	3.793651	0.312500	0.041054	0.014075
e3_ctrl_small	191	487472	13.032990	0.523711	0.974766	0.045500	0.143847	2.812500	0.531250	0.472656	3.571429	0.375000	0.034657	0.011043
e3_ctrl_small	192	616899	14.832537	0.514513	0.977395	0.043061	0.137686	3.312500	0.484375	0.378906	4.190476	0.343750	0.040652	0.011659
e3_ctrl_small	193	382977	14.899591	0.536275	0.974634	0.047302	0.143290	3.062500	0.546875	0.425781	3.968254	0.375000	0.039031	0.013651
e3_ctrl_small	194	131547	15.780779	0.531030	0.973414	0.048846	0.146824	2.156250	0.656250	0.595703	3.587302	0.437500	0.041438	0.013990
e3_ctrl_small	195	480285	15.733995	0.539787	0.973055	0.046616	0.146839	2.750000	0.609375	0.484375	3.571429	0.359375	0.042687	0.011844
e3_ctrl_small	196	316473	13.567682	0.505048	0.975158	0.045950	0.141122	2.593750	0.609375	0.513672	3.984127	0.437500	0.035910	0.012062
e3_ctrl_small	197	172617	18.986780	0.551451	0.975897	0.046845	0.143242	2.687500	0.625000	0.496094	3.793651	0.421875	0.051495	0.016151
e3_ctrl_small	198	702896	16.712709	0.527071	0.975812	0.046513	0.143683	2.906250	0.578125	0.455078	3.365079	0.343750	0.043762	0.013614
e3_ctrl_small	199	686682	13.415226	0.512321	0.975461	0.044996	0.143868	2.531250	0.640625	0.525391	3.634921	0.421875	0.036075	0.011518
e3_ctrl_small	200	36965	15.313321	0.528676	0.975786	0.044418	0.141620	2.875000	0.578125	0.460937	4.269841	0.390625	0.039986	0.013562
e3_ctrl_small	201	290119	16.650740	0.551350	0.974101	0.046431	0.144108	3.140625	0.546875	0.411133	4.317460	0.328125	0.043757	0.013735
e3_ctrl_small	202	769761	16.551957	0.528586	0.976614	0.044591	0.139129	2.406250	0.656250	0.548828	3.523810	0.421875	0.045078	0.013603
e3_ctrl_small	203	564255	16.133213	0.545277	0.973968	0.046316	0.144363	2.890625	0.578125	0.458008	4.079365	0.375000	0.042566	0.013472
e3_ctrl_small	204	377985	17.048705	0.541978	0.975271	0.046272	0.143928	2.843750	0.593750	0.466797	3.857143	0.390625	0.044505	0.014319
e3_ctrl_small	205	419967	16.483019	0.547635	0.973662	0.044860	0.144605	2.890625	0.562500	0.458008	3.698413	0.328125	0.043488	0.014222
e3_ctrl_small	206	578430	16.128739	0.555702	0.973965	0.045989	0.145558	3.531250	0.500000	0.337891	3.857143	0.390625	0.042911	0.012335
e3_ctrl_small	207	88504	14.121081	0.527190	0.974764	0.044465	0.141705	3.218750	0.546875	0.396484	3.888889	0.437500	0.036361	0.013314
e3_ctrl_small	208	116754	14.474957	0.518755	0.974616	0.045901	0.143981	3.359375	0.562500	0.370117	4.158730	0.328125	0.038494	0.011582
e3_ctrl_small	209	250277	14.024835	0.497529	0.975620	0.046364	0.141897	3.062500	0.546875	0.425781	3.619048	0.375000	0.037135	0.012324
e3_ctrl_small	210	471051	16.284824	0.543296	0.973646	0.045214	0.144787	3.250000	0.500000	0.390625	3.793651	0.359375	0.042761	0.012736
e3_ctrl_small	211	15509	14.722720	0.505238	0.977314	0.043470	0.137983	3.078125	0.578125	0.422852	4.206349	0.406250	0.038792	0.012416
e3_ctrl_small	212	629743	17.251901	0.554085	0.975319	0.044941	0.141346	3.281250	0.421875	0.384766	4.174603	0.375000	0.044868	0.014820
e3_ctrl_small	213	238103	15.437413	0.524045	0.974964	0.045092	0.142780	3.109375	0.562500	0.416992	3.555556	0.437500	0.041277	0.012478
e3_ctrl_small	214	428732	16.748352	0.552630	0.974479	0.047789	0.145019	2.984375	0.609375	0.440430	4.031746	0.421875	0.044935	0.014114
e3_ctrl_small	215	401826	15.278282	0.530509	0.975416	0.044552	0.143222	3.484375	0.453125	0.346680	4.238095	0.359375	0.040452	0.012135
e3_ctrl_small	216	789324	14.588596	0.506028	0.975751	0.044264	0.140844	3.296875	0.609375	0.381836	3.825397	0.375000	0.038289	0.012175
e3_ctrl_small	217	614276	14.844748	0.521033	0.976478	0.041983	0.137992	3.453125	0.546875	0.352539	4.063492	0.343750	0.039338	0.013254
e3_ctrl_small	218	184471	18.304663	0.551579	0.976224	0.046796	0.142242	3.078125	0.562500	0.422852	3.857143	0.406250	0.049992	0.013914
e3_ctrl_small	219	445786	16.396327	0.541799	0.972980	0.048822	0.148671	2.828125	0.531250	0.469727	4.428571	0.375000	0.043306	0.012996
e3_ctrl_small	220	544884	18.625004	0.573572	0.973087	0.047094	0.144738	2.875000	0.562500	0.460937	3.619048	0.406250	0.049478	0.014235
e3_ctrl_small	221	709845	18.370816	0.565362	0.974921	0.045024	0.141041	2.890625	0.593750	0.458008	3.777778	0.453125	0.047285	0.016102
e3_ctrl_small	222	389322	15.806109	0.528434	0.975183	0.045104	0.143343	2.937500	0.562500	0.449219	3.730159	0.359375	0.042381	0.012340
e3_ctrl_small	223	50145	16.583092	0.544510	0.976180	0.044390	0.141016	3.218750	0.500000	0.396484	4.031746	0.328125	0.044935	0.011759
e3_ctrl_small	224	574097	17.426435	0.544508	0.975370	0.042922	0.139492	3.281250	0.531250	0.384766	4.238095	0.328125	0.046529	0.014112
e3_ctrl_small	225	784576	17.094607	0.531081	0.976454	0.044058	0.139948	3.328125	0.515625	0.375977	4.174603	0.343750	0.046814	0.012633
e3_ctrl_small	226	128329	15.533930	0.520076	0.975055	0.045238	0.143177	3.125000	0.609375	0.414062	3.587302	0.453125	0.040655	0.012428
e3_ctrl_small	227	493612	18.570285	0.570536	0.973745	0.045942	0.144735	2.718750	0.546875	0.490234	4.253968	0.375000	0.048625	0.014779
e3_ctrl_small	228	735299	17.670402	0.547310	0.973861	0.048068	0.147902	2.671875	0.609375	0.499023	3.698413	0.343750	0.047207	0.014710
e3_ctrl_small	229	654683	18.067860	0.568904	0.975038	0.046020	0.141742	2.687500	0.546875	0.496094	3.603175	0.406250	0.048116	0.013865
e3_ctrl_small	230	480430	17.395552	0.562812	0.975338	0.045249	0.142378	3.203125	0.546875	0.399414	3.777778	0.328125	0.045146	0.015832
e3_ctrl_small	231	237848	17.447599	0.563732	0.973458	0.046649	0.144535	2.781250	0.625000	0.478516	3.444444	0.421875	0.046065	0.015665
e3_ctrl_small	232	580792	17.521894	0.564318	0.974384	0.045958	0.143682	2.843750	0.562500	0.466797	3.698413	0.375000	0.044871	0.015628
e3_ctrl_small	233	585403	15.394077	0.543485	0.973914	0.046880	0.145783	3.093750	0.609375	0.419922	3.492063	0.437500	0.040513	0.013356
e3_ctrl_small	234	597910	17.683573	0.551570	0.976381	0.043088	0.139690	3.078125	0.484375	0.422852	4.158730	0.328125	0.046516	0.015425
e3_ctrl_small	235	8125	15.479601	0.539450	0.975076	0.046017	0.144728	3.078125	0.562500	0.422852	3.952381	0.406250	0.041327	0.011788
e3_ctrl_small	236	329056	16.218140	0.554456	0.974528	0.044440	0.141488	3.609375	0.500000	0.323242	4.222222	0.375000	0.041222	0.015130
e3_ctrl_small	237	752873	15.911167	0.531997	0.975842	0.046114	0.141864	3.156250	0.546875	0.408203	3.730159	0.359375	0.042120	0.012931
e3_ctrl_small	238	673358	16.085940	0.525133	0.975785	0.044949	0.141803	3.328125	0.531250	0.375977	3.809524	0.390625	0.043838	0.012303
e3_ctrl_small	239	73807	16.375775	0.532068	0.976385	0.043845	0.139798	3.046875	0.562500	0.428711	3.698413	0.375000	0.043683	0.012826
e3_ctrl_small	240	385915	17.132249	0.557013	0.973352	0.044775	0.145235	3.500000	0.453125	0.343750	4.301587	0.343750	0.045270	0.013954
e3_ctrl_small	241	64545	15.165102	0.520304	0.976024	0.043809	0.139885	3.062500	0.562500	0.425781	3.507937	0.406250	0.038930	0.013653
e3_ctrl_small	242	586575	17.909077	0.571750	0.973834	0.046007	0.144360	3.515625	0.375000	0.340820	4.761905	0.281250	0.047292	0.013924
e3_ctrl_small	243	165315	18.469946	0.556741	0.975854	0.044488	0.141705	3.031250	0.546875	0.431641	3.650794	0.328125	0.047435	0.015170
e3_ctrl_small	244	692739	19.872476	0.587105	0.973139	0.047852	0.148130	2.890625	0.609375	0.458008	4.174603	0.375000	0.053726	0.015395
e3_ctrl_small	245	614461	16.205943	0.525967	0.976699	0.043442	0.138932	3.296875	0.484375	0.381836	3.603175	0.390625	0.043076	0.014372
e3_ctrl_small	246	332415	14.525018	0.516295	0.975334	0.045385	0.141834	2.640625	0.609375	0.504883	3.571429	0.421875	0.039931	0.010149
e3_ctrl_small	247	438601	17.756895	0.549941	0.975795	0.045098	0.140067	3.156250	0.593750	0.408203	4.269841	0.421875	0.046760	0.015638
e3_ctrl_small	248	19511	16.565744	0.547008	0.974935	0.044880	0.143377	2.953125	0.625000	0.446289	3.857143	0.468750	0.045163	0.011990
e3_ctrl_small	249	143858	15.021449	0.518554	0.975625	0.045325	0.142273	2.890625	0.531250	0.458008	3.587302	0.390625	0.038533	0.013439
e3_ctrl_small	250	621404	18.237245	0.559706	0.974991	0.045692	0.142457	3.515625	0.484375	0.340820	4.142857	0.359375	0.048362	0.013709
e3_ctrl_small	251	281479	16.151819	0.531697	0.976890	0.041981	0.137102	3.312500	0.468750	0.378906	4.015873	0.281250	0.042751	0.012940
e3_ctrl_small	252	756801	16.976069	0.550023	0.975045	0.045434	0.143039	2.906250	0.609375	0.455078	4.031746	0.421875	0.044054	0.013596
e3_ctrl_small	253	257374	17.078578	0.556872	0.973365	0.046076	0.146017	3.140625	0.531250	0.411133	3.730159	0.375000	0.044613	0.014049
e3_ctrl_small	254	421547	15.463050	0.547386	0.975555	0.043793	0.140024	3.531250	0.515625	0.337891	4.380952	0.375000	0.041004	0.013047
e3_ctrl_small	255	24270	16.673980	0.542918	0.975445	0.044483	0.141654	2.781250	0.484375	0.478516	3.476190	0.359375	0.042812	0.014634
e3_ctrl_small	256	129722	16.968557	0.549218	0.974261	0.047070	0.144602	2.906250	0.546875	0.455078	3.793651	0.343750	0.045455	0.013504
e3_ctrl_small	257	55003	17.797661	0.558527	0.974943	0.044730	0.141731	3.312500	0.468750	0.378906	4.000000	0.375000	0.046074	0.014667
e3_ctrl_small	258	121899	17.807452	0.560917	0.974853	0.046133	0.143494	2.703125	0.578125	0.493164	3.841270	0.421875	0.047450	0.013806
e3_ctrl_small	259	234247	15.379245	0.533583	0.974523	0.047689	0.146770	2.515625	0.687500	0.528320	4.095238	0.390625	0.041707	0.012056
e3_ctrl_small	260	95186	18.173451	0.553092	0.975759	0.044523	0.140245	2.546875	0.609375	0.522461	3.809524	0.390625	0.048059	0.013743
e3_ctrl_small	261	695965	17.177145	0.533547	0.976638	0.042812	0.139354	3.609375	0.453125	0.323242	4.015873	0.343750	0.045519	0.014450
e3_ctrl_small	262	352030	18.321295	0.566875	0.975248	0.043889	0.141489	3.281250	0.484375	0.384766	4.587302	0.328125	0.048260	0.014994
e3_ctrl_small	263	689881	14.928083	0.525083	0.974808	0.045513	0.144601	2.734375	0.531250	0.487305	3.777778	0.328125	0.039022	0.013632
e3_ctrl_small	264	691640	16.895422	0.534685	0.976692	0.045035	0.140393	2.578125	0.656250	0.516602	3.968254	0.437500	0.044736	0.013726
e3_ctrl_small	265	462251	14.547845	0.520736	0.975591	0.044367	0.141169	3.437500	0.468750	0.355469	3.793651	0.375000	0.039526	0.010101
e3_ctrl_small	266	445095	14.454701	0.515076	0.976805	0.043532	0.139278	3.531250	0.515625	0.337891	4.492063	0.328125	0.038244	0.012993
e3_ctrl_small	267	586984	16.035972	0.540364	0.974696	0.045395	0.142761	3.328125	0.484375	0.375977	3.476190	0.343750	0.042185	0.013096
e3_ctrl_small	268	640623	14.632745	0.523092	0.973813	0.047137	0.145459	3.125000	0.531250	0.414062	3.777778	0.421875	0.038125	0.014189
e3_ctrl_small	269	495151	13.398659	0.507205	0.975225	0.045986	0.143609	2.921875	0.609375	0.452148	4.031746	0.406250	0.035020	0.011754
e3_ctrl_small	270	296821	15.984757	0.540361	0.975487	0.046167	0.142597	3.296875	0.593750	0.381836	3.809524	0.406250	0.043110	0.013438
e3_ctrl_small	271	192541	15.829926	0.531876	0.974723	0.045169	0.142185	3.093750	0.546875	0.419922	3.555556	0.406250	0.042577	0.011716
e3_ctrl_small	272	388334	15.617635	0.541830	0.974746	0.044451	0.142315	2.796875	0.546875	0.475586	3.888889	0.328125	0.040642	0.013989
e3_ctrl_small	273	445606	16.997538	0.539869	0.974808	0.045453	0.142841	2.687500	0.625000	0.496094	3.777778	0.390625	0.044461	0.013524
e3_ctrl_small	274	282956	14.490547	0.521271	0.975218	0.045076	0.143066	2.937500	0.515625	0.449219	4.142857	0.312500	0.037899	0.012891
e3_ctrl_small	275	737730	18.402709	0.575452	0.973667	0.046763	0.145726	3.328125	0.468750	0.375977	4.190476	0.359375	0.049185	0.013929
e3_ctrl_small	276	502772	13.847370	0.510633	0.975353	0.045981	0.143599	2.734375	0.531250	0.487305	3.222222	0.390625	0.036148	0.013077
e3_ctrl_small	277	486027	16.280795	0.536383	0.973619	0.046804	0.145085	2.718750	0.593750	0.490234	3.730159	0.375000	0.042682	0.014285
e3_ctrl_small	278	525987	17.353858	0.563306	0.974056	0.047913	0.147506	3.171875	0.484375	0.405273	4.587302	0.312500	0.046329	0.012740
e3_ctrl_small	279	483158	16.196191	0.535365	0.976389	0.042402	0.139428	3.406250	0.484375	0.361328	4.158730	0.453125	0.042390	0.013245
e3_ctrl_small	280	663620	16.375306	0.549427	0.974374	0.045144	0.143762	2.765625	0.609375	0.481445	3.682540	0.390625	0.043307	0.012992
e3_ctrl_small	281	312600	16.630552	0.534841	0.975132	0.045782	0.142685	3.046875	0.593750	0.428711	4.015873	0.375000	0.043656	0.014508
e3_ctrl_small	282	2045	14.622735	0.517046	0.975765	0.042627	0.140683	3.406250	0.484375	0.361328	3.666667	0.359375	0.038637	0.012645
e3_ctrl_small	283	596900	17.727128	0.550377	0.974989	0.045252	0.142450	3.156250	0.578125	0.408203	3.714286	0.390625	0.047581	0.013718
e3_ctrl_small	284	341246	14.370974	0.511964	0.974333	0.047688	0.146176	2.609375	0.687500	0.510742	3.603175	0.437500	0.038191	0.012098
e3_ctrl_small	285	445640	19.416774	0.589235	0.972188	0.047786	0.147906	2.859375	0.578125	0.463867	3.730159	0.375000	0.050623	0.015666
e3_ctrl_small	286	572422	17.327787	0.566733	0.973170	0.046161	0.146248	2.750000	0.593750	0.484375	3.650794	0.437500	0.045717	0.013659
e3_ctrl_small	287	756363	17.041118	0.533538	0.975738	0.045063	0.140961	2.500000	0.578125	0.531250	3.619048	0.453125	0.044894	0.013230
e3_ctrl_small	288	306314	15.334036	0.521834	0.975139	0.044740	0.142359	3.078125	0.500000	0.422852	3.809524	0.343750	0.039152	0.013984
e3_ctrl_small	289	543578	15.977285	0.535398	0.975828	0.045066	0.140843	2.968750	0.562500	0.443359	4.206349	0.406250	0.042657	0.012899
e3_ctrl_small	290	465530	17.310061	0.546111	0.975461	0.043932	0.142202	3.156250	0.546875	0.408203	4.015873	0.359375	0.045902	0.014259
e3_ctrl_small	291	598558	15.631655	0.540083	0.973959	0.048357	0.145984	2.531250	0.609375	0.525391	3.206349	0.437500	0.041779	0.011710
e3_ctrl_small	292	611935	15.030901	0.509545	0.977207	0.043741	0.140145	3.343750	0.468750	0.373047	3.857143	0.359375	0.039295	0.013584
e3_ctrl_small	293	517538	15.645058	0.531873	0.975398	0.043993	0.141743	3.250000	0.484375	0.390625	4.222222	0.343750	0.040149	0.014270
e3_ctrl_small	294	336146	16.828356	0.528615	0.976900	0.043874	0.140053	3.046875	0.531250	0.428711	3.682540	0.359375	0.045089	0.012371
e3_ctrl_small	295	225845	16.775451	0.541619	0.975446	0.044496	0.140075	2.640625	0.640625	0.504883	3.793651	0.421875	0.043898	0.013523
e3_ctrl_small	296	240625	16.990637	0.538516	0.976170	0.045967	0.141132	3.109375	0.625000	0.416992	3.968254	0.437500	0.045427	0.014089
e3_ctrl_small	297	429118	13.506996	0.495364	0.977558	0.044104	0.137869	2.828125	0.546875	0.469727	3.253968	0.406250	0.036100	0.011489
e3_ctrl_small	298	333378	17.771740	0.563537	0.975066	0.043905	0.140870	2.671875	0.593750	0.499023	3.730159	0.390625	0.046620	0.015276
e3_ctrl_small	299	625366	16.398613	0.540557	0.973361	0.048053	0.147021	2.953125	0.531250	0.446289	3.587302	0.421875	0.043151	0.013521
