setup	sample_idx	PC1	PC2
e2_large	0	1.8776	-1.1168
e2_large	1	2.5073	-1.6016
e2_large	2	2.0765	-1.4641
e2_large	3	2.1189	-1.3202
e2_large	4	2.1439	-1.4027
e2_large	5	2.5509	-1.8189
e2_large	6	2.3401	-1.5848
e2_large	7	2.4663	-1.5857
e2_large	8	2.2712	-1.4428
e2_large	9	2.3088	-1.3182
e2_large	10	2.2537	-1.4296
e2_large	11	2.2215	-1.4508
e2_large	12	2.1792	-1.5814
e2_large	13	2.0499	-1.4516
e2_large	14	2.2672	-1.4172
e2_large	15	2.3807	-1.3757
e2_large	16	1.9770	-1.5492
e2_large	17	2.5249	-1.4171
e2_large	18	1.8568	-1.5121
e2_large	19	2.1509	-1.4767
e2_large	20	2.2754	-1.5725
e2_large	21	2.1226	-1.4295
e2_large	22	2.1869	-1.5254
e2_large	23	2.3494	-1.5445
e2_large	24	2.3405	-1.3028
e2_large	25	1.9827	-1.3894
e2_large	26	2.0863	-1.4394
e2_large	27	2.1942	-1.6670
e2_large	28	1.8242	-1.3828
e2_large	29	2.4310	-1.8070
e2_large	30	2.1117	-1.0704
e2_large	31	2.2820	-1.3927
e2_large	32	2.9777	-1.7454
e2_large	33	2.2637	-1.6504
e2_large	34	1.6843	-1.4633
e2_large	35	2.5212	-1.6852
e2_large	36	2.2433	-1.5022
e2_large	37	2.4137	-1.7300
e2_large	38	2.2959	-1.6465
e2_large	39	2.0448	-1.4437
e2_large	40	1.7783	-1.3935
e2_large	41	2.5646	-1.5836
e2_large	42	2.2849	-1.5326
e2_large	43	2.1496	-1.2801
e2_large	44	2.5369	-1.4950
e2_large	45	2.2062	-1.3246
e2_large	46	1.7643	-1.2169
e2_large	47	2.1161	-1.5865
e2_large	48	2.4098	-1.5198
e2_large	49	2.4434	-1.6439
e2_large	50	2.1226	-1.4737
e2_large	51	2.2995	-1.5331
e2_large	52	2.1148	-1.2750
e2_large	53	2.3323	-1.4598
e2_large	54	2.1757	-1.5014
e2_large	55	2.2729	-1.4601
e2_large	56	2.6338	-1.5994
e2_large	57	2.1296	-1.2692
e2_large	58	1.9285	-1.5412
e2_large	59	2.2068	-1.4564
e2_large	60	2.0012	-1.4261
e2_large	61	2.2142	-1.3623
e2_large	62	2.2494	-1.5971
e2_large	63	2.0120	-1.3978
e2_large	64	1.9609	-1.3118
e2_large	65	1.9274	-1.3508
e2_large	66	2.6939	-1.7065
e2_large	67	2.1372	-1.5468
e2_large	68	2.2426	-1.5810
e2_large	69	2.0771	-1.4876
e2_large	70	2.6485	-1.6585
e2_large	71	2.5605	-1.5836
e2_large	72	1.4061	-1.2550
e2_large	73	2.2852	-1.5479
e2_large	74	1.7392	-1.5173
e2_large	75	2.8158	-1.9134
e2_large	76	2.2375	-1.5027
e2_large	77	2.0859	-1.7269
e2_large	78	2.5756	-1.7496
e2_large	79	2.1239	-1.6117
e2_large	80	1.8779	-1.4242
e2_large	81	2.1230	-1.4202
e2_large	82	1.8144	-1.3249
e2_large	83	2.1364	-1.5252
e2_large	84	2.1235	-1.4643
e2_large	85	2.0938	-1.2142
e2_large	86	2.4584	-1.7198
e2_large	87	2.3238	-1.7754
e2_large	88	2.2605	-1.3807
e2_large	89	2.1672	-1.5610
e2_large	90	2.1322	-1.3352
e2_large	91	1.8652	-1.5639
e2_large	92	2.2482	-1.3103
e2_large	93	2.1487	-1.1409
e2_large	94	2.1751	-1.4797
e2_large	95	2.1090	-1.5070
e2_large	96	2.0241	-1.4571
e2_large	97	2.2686	-1.5735
e2_large	98	1.6562	-1.3898
e2_large	99	2.1797	-1.5944
e2_large	100	2.1470	-1.5850
e2_large	101	3.0949	-1.4291
e2_large	102	2.1800	-1.2407
e2_large	103	1.7788	-1.2285
e2_large	104	2.0867	-1.5154
e2_large	105	2.2271	-1.4103
e2_large	106	1.9734	-1.4704
e2_large	107	2.4005	-1.3164
e2_large	108	2.0879	-1.5978
e2_large	109	2.4087	-1.3388
e2_large	110	2.2940	-1.5839
e2_large	111	1.8534	-1.6036
e2_large	112	2.2435	-1.3285
e2_large	113	2.1895	-1.4433
e2_large	114	1.9147	-1.0687
e2_large	115	2.2692	-1.3175
e2_large	116	2.1899	-1.4116
e2_large	117	2.5468	-1.4685
e2_large	118	2.3410	-1.5506
e2_large	119	2.5706	-1.8539
e2_large	120	2.4966	-1.5797
e2_large	121	2.1883	-1.4717
e2_large	122	2.6073	-1.4892
e2_large	123	2.1075	-1.4096
e2_large	124	2.2534	-1.3960
e2_large	125	1.9970	-1.3702
e2_large	126	2.2861	-1.6296
e2_large	127	2.0482	-1.2114
e2_large	128	2.6332	-1.6212
e2_large	129	2.3641	-1.4366
e2_large	130	2.0799	-1.5521
e2_large	131	1.7125	-1.4044
e2_large	132	1.7307	-1.0944
e2_large	133	2.6926	-1.5747
e2_large	134	2.4569	-1.5235
e2_large	135	2.3179	-1.5633
e2_large	136	2.4696	-1.6676
e2_large	137	1.9747	-1.2575
e2_large	138	2.0883	-1.1915
e2_large	139	2.2481	-1.5844
e2_large	140	2.2269	-1.4161
e2_large	141	2.4390	-1.7406
e2_large	142	2.4121	-1.4162
e2_large	143	2.5610	-1.5583
e2_large	144	2.2374	-1.3547
e2_large	145	2.0755	-1.5305
e2_large	146	2.0398	-1.4995
e2_large	147	1.9572	-1.4948
e2_large	148	2.1481	-1.5574
e2_large	149	2.6578	-1.4834
e2_large	150	2.6836	-1.7495
e2_large	151	2.2577	-1.3517
e2_large	152	2.1433	-1.3857
e2_large	153	1.9546	-1.5291
e2_large	154	2.0467	-1.3162
e2_large	155	1.9905	-1.5955
e2_large	156	1.8318	-1.3545
e2_large	157	1.9390	-1.3746
e2_large	158	2.2587	-1.4823
e2_large	159	2.3386	-1.3680
e2_large	160	2.1822	-1.3382
e2_large	161	1.9354	-1.4598
e2_large	162	2.8329	-1.7192
e2_large	163	1.9887	-1.4132
e2_large	164	1.7461	-1.3017
e2_large	165	2.1783	-1.5024
e2_large	166	1.9133	-1.3755
e2_large	167	1.9247	-1.4041
e2_large	168	2.1452	-1.5393
e2_large	169	2.0106	-1.4128
e2_large	170	2.4756	-1.5208
e2_large	171	2.0670	-1.6031
e2_large	172	2.2666	-1.2126
e2_large	173	2.4163	-1.4947
e2_large	174	2.7641	-1.4141
e2_large	175	2.0789	-1.6335
e2_large	176	2.2236	-1.5079
e2_large	177	2.1290	-1.2664
e2_large	178	2.1718	-1.4851
e2_large	179	2.4455	-1.4856
e2_large	180	2.2038	-1.6687
e2_large	181	2.3433	-1.5363
e2_large	182	2.2274	-1.5334
e2_large	183	2.3746	-1.7201
e2_large	184	1.9257	-1.3185
e2_large	185	1.7639	-1.3194
e2_large	186	2.2384	-1.4291
e2_large	187	2.0600	-1.4066
e2_large	188	2.5858	-1.4842
e2_large	189	2.2189	-1.5878
e2_large	190	2.7053	-1.4538
e2_large	191	2.1536	-1.5307
e2_large	192	2.7432	-1.5494
e2_large	193	2.4030	-1.7683
e2_large	194	2.0898	-1.6146
e2_large	195	2.3222	-1.5357
e2_large	196	2.2918	-1.3212
e2_large	197	2.4757	-1.8794
e2_large	198	2.2821	-1.5880
e2_large	199	1.7682	-1.2614
e2_large	200	2.3386	-1.3654
e2_large	201	2.0873	-1.5741
e2_large	202	2.3629	-1.3751
e2_large	203	2.1047	-1.4372
e2_large	204	2.1689	-1.5681
e2_large	205	2.3127	-1.6593
e2_large	206	2.3962	-1.8234
e2_large	207	2.1842	-1.3889
e2_large	208	2.0423	-1.3223
e2_large	209	2.1943	-1.3414
e2_large	210	1.9339	-1.3310
e2_large	211	1.7626	-1.4108
e2_large	212	2.9404	-1.6071
e2_large	213	2.3239	-1.5164
e2_large	214	1.8205	-1.4010
e2_large	215	2.1505	-1.5407
e2_large	216	2.2465	-1.2750
e2_large	217	1.9186	-1.4736
e2_large	218	2.5773	-1.6875
e2_large	219	2.3700	-1.7161
e2_large	220	2.1287	-1.4041
e2_large	221	2.0073	-1.5814
e2_large	222	1.7239	-1.2593
e2_large	223	1.6503	-1.1654
e2_large	224	2.2985	-1.4714
e2_large	225	2.2823	-1.3677
e2_large	226	2.1441	-1.3339
e2_large	227	2.1987	-1.4386
e2_large	228	2.3388	-1.5048
e2_large	229	2.3796	-1.2562
e2_large	230	1.7057	-1.2849
e2_large	231	2.3891	-1.4865
e2_large	232	2.4020	-1.4383
e2_large	233	2.0219	-1.1584
e2_large	234	1.8307	-1.3966
e2_large	235	2.0913	-1.5589
e2_large	236	2.1934	-1.5254
e2_large	237	2.2499	-1.6662
e2_large	238	2.1242	-1.1851
e2_large	239	1.7361	-1.1558
e2_large	240	2.1914	-1.4619
e2_large	241	2.3318	-1.4880
e2_large	242	2.1605	-1.3930
e2_large	243	2.2682	-1.4654
e2_large	244	2.3096	-1.5325
e2_large	245	2.5447	-1.4950
e2_large	246	2.2062	-1.5012
e2_large	247	2.5023	-1.5689
e2_large	248	2.0948	-1.5975
e2_large	249	2.4597	-1.6340
e2_large	250	2.3105	-1.3747
e2_large	251	2.3278	-1.4957
e2_large	252	2.1430	-1.6506
e2_large	253	2.8473	-1.6418
e2_large	254	2.2173	-1.4022
e2_large	255	2.7675	-1.6227
e2_large	256	2.0376	-1.5343
e2_large	257	2.1276	-1.4072
e2_large	258	1.9380	-1.3093
e2_large	259	2.3900	-1.6459
e2_large	260	2.4513	-1.7440
e2_large	261	2.4071	-1.6779
e2_large	262	1.9594	-1.5149
e2_large	263	2.4234	-1.5161
e2_large	264	2.2307	-1.3063
e2_large	265	2.2039	-1.3377
e2_large	266	2.2537	-1.6772
e2_large	267	2.2877	-1.4100
e2_large	268	2.2406	-1.4200
e2_large	269	1.8752	-1.3064
e2_large	270	2.4080	-1.5406
e2_large	271	2.1885	-1.4719
e2_large	272	2.2155	-1.3895
e2_large	273	1.9968	-1.2758
e2_large	274	2.1021	-1.3574
e2_large	275	1.9878	-1.5427
e2_large	276	2.6479	-1.6225
e2_large	277	2.1094	-1.3580
e2_large	278	2.5412	-1.6633
e2_large	279	2.1758	-1.3703
e2_large	280	2.3051	-1.3030
e2_large	281	2.2639	-1.5451
e2_large	282	2.3094	-1.5383
e2_large	283	2.4038	-1.6102
e2_large	284	1.7047	-1.3312
e2_large	285	2.4845	-1.6932
e2_large	286	2.3479	-1.6660
e2_large	287	2.2362	-1.5125
e2_large	288	2.5367	-1.6977
e2_large	289	2.1991	-1.4374
e2_large	290	2.3349	-1.7465
e2_large	291	2.3676	-1.3760
e2_large	292	2.2907	-1.3800
e2_large	293	2.0609	-1.4389
e2_large	294	2.4980	-1.6585
e2_large	295	2.3349	-1.5961
e2_large	296	2.4906	-1.6494
e2_large	297	2.1482	-1.2540
e2_large	298	2.5362	-1.6826
e2_large	299	2.2576	-1.0804
e2_small	0	2.6920	-1.4530
e2_small	1	3.1068	-1.5084
e2_small	2	2.8938	-1.5746
e2_small	3	2.9061	-1.4535
e2_small	4	3.1286	-1.3614
e2_small	5	2.3341	-1.2808
e2_small	6	2.8203	-1.5352
e2_small	7	2.9649	-1.5180
e2_small	8	2.8776	-1.4183
e2_small	9	2.6330	-1.4572
e2_small	10	2.2252	-1.2651
e2_small	11	2.7445	-1.4320
e2_small	12	2.7762	-1.6012
e2_small	13	2.2957	-1.2532
e2_small	14	1.9869	-1.3794
e2_small	15	2.8094	-1.5560
e2_small	16	2.6601	-1.3164
e2_small	17	2.8967	-1.7065
e2_small	18	2.9711	-1.6516
e2_small	19	2.6520	-1.5570
e2_small	20	2.5084	-1.4039
e2_small	21	2.7323	-1.6309
e2_small	22	2.4292	-1.1429
e2_small	23	2.5569	-1.3116
e2_small	24	2.7869	-1.2811
e2_small	25	2.8749	-1.4552
e2_small	26	2.9711	-1.3181
e2_small	27	3.2743	-1.6806
e2_small	28	2.8530	-1.3634
e2_small	29	2.4775	-1.4297
e2_small	30	2.5473	-1.4066
e2_small	31	3.3536	-1.7155
e2_small	32	2.3765	-1.3922
e2_small	33	2.7822	-1.3713
e2_small	34	2.5036	-1.2032
e2_small	35	2.3803	-1.1820
e2_small	36	2.4937	-1.2918
e2_small	37	2.7813	-1.5646
e2_small	38	2.9219	-1.0824
e2_small	39	2.3556	-1.6020
e2_small	40	2.7833	-1.4894
e2_small	41	2.7655	-1.4410
e2_small	42	2.3708	-1.4237
e2_small	43	2.9505	-1.6813
e2_small	44	2.8326	-1.4181
e2_small	45	2.6190	-1.3096
e2_small	46	2.4725	-1.3002
e2_small	47	3.4008	-1.3944
e2_small	48	2.5482	-1.3399
e2_small	49	2.2645	-1.2028
e2_small	50	3.1986	-1.5614
e2_small	51	3.0177	-1.5610
e2_small	52	2.5913	-1.1010
e2_small	53	2.7061	-1.2529
e2_small	54	2.3443	-1.3647
e2_small	55	2.3464	-1.4694
e2_small	56	2.7673	-1.2372
e2_small	57	2.6356	-1.4958
e2_small	58	2.6959	-1.4852
e2_small	59	2.7282	-1.5217
e2_small	60	2.7491	-1.3331
e2_small	61	2.6606	-1.3835
e2_small	62	1.9936	-1.2441
e2_small	63	2.6080	-1.4323
e2_small	64	3.0514	-1.5689
e2_small	65	2.4108	-1.3524
e2_small	66	2.3897	-1.2466
e2_small	67	2.6173	-1.5490
e2_small	68	2.9092	-1.7553
e2_small	69	2.4500	-1.1989
e2_small	70	2.7744	-1.3550
e2_small	71	2.6132	-1.3775
e2_small	72	2.7309	-1.4658
e2_small	73	2.8362	-1.3892
e2_small	74	2.7213	-1.2397
e2_small	75	2.5502	-1.3968
e2_small	76	2.7459	-1.4789
e2_small	77	2.5961	-1.2160
e2_small	78	2.5606	-1.4523
e2_small	79	2.6022	-1.6325
e2_small	80	2.4436	-1.3950
e2_small	81	3.0700	-1.5267
e2_small	82	2.4526	-1.4479
e2_small	83	2.6415	-1.4514
e2_small	84	2.6383	-1.3441
e2_small	85	2.7196	-1.5229
e2_small	86	2.5985	-1.5237
e2_small	87	2.4815	-1.4124
e2_small	88	2.3215	-1.5214
e2_small	89	2.5388	-1.3471
e2_small	90	2.4027	-1.4228
e2_small	91	2.8674	-1.3915
e2_small	92	2.7449	-1.4024
e2_small	93	2.8569	-1.5967
e2_small	94	2.3813	-1.1061
e2_small	95	2.7062	-1.3950
e2_small	96	2.7286	-1.5938
e2_small	97	2.5941	-1.4887
e2_small	98	3.0302	-1.3396
e2_small	99	3.2507	-1.5531
e2_small	100	2.7000	-1.3903
e2_small	101	2.7441	-1.1258
e2_small	102	3.2013	-1.6177
e2_small	103	2.6113	-1.1725
e2_small	104	3.1875	-1.6493
e2_small	105	2.1549	-1.3984
e2_small	106	2.5598	-1.5937
e2_small	107	2.8678	-1.1057
e2_small	108	3.0475	-1.3063
e2_small	109	2.6694	-1.2397
e2_small	110	2.9604	-1.4929
e2_small	111	3.2149	-1.3764
e2_small	112	2.6300	-1.5375
e2_small	113	3.1323	-1.5484
e2_small	114	2.6503	-1.4387
e2_small	115	3.1959	-1.5937
e2_small	116	2.5402	-1.2828
e2_small	117	2.8680	-1.5038
e2_small	118	2.4446	-1.4310
e2_small	119	2.9864	-1.4966
e2_small	120	3.1125	-1.6172
e2_small	121	2.9027	-1.4953
e2_small	122	2.6941	-1.6685
e2_small	123	2.3542	-1.3919
e2_small	124	2.6978	-1.3941
e2_small	125	2.6454	-1.4765
e2_small	126	2.9870	-1.4007
e2_small	127	2.5851	-1.4947
e2_small	128	2.4156	-1.5012
e2_small	129	2.9971	-1.5319
e2_small	130	2.8463	-1.6502
e2_small	131	2.4566	-1.2680
e2_small	132	2.6447	-1.1973
e2_small	133	2.7195	-1.6396
e2_small	134	3.0255	-1.3685
e2_small	135	2.9695	-1.6288
e2_small	136	2.3749	-1.3689
e2_small	137	2.4820	-1.3732
e2_small	138	2.5191	-1.2731
e2_small	139	2.8379	-1.4122
e2_small	140	2.8253	-1.4528
e2_small	141	2.5037	-1.4452
e2_small	142	2.5261	-1.4803
e2_small	143	3.0040	-1.4591
e2_small	144	2.6213	-1.4627
e2_small	145	2.6670	-1.4441
e2_small	146	2.2759	-1.4498
e2_small	147	3.1053	-1.7072
e2_small	148	3.0374	-1.4844
e2_small	149	3.2174	-1.5199
e2_small	150	2.4319	-1.5008
e2_small	151	2.8287	-1.4523
e2_small	152	2.7363	-1.4122
e2_small	153	3.0261	-1.4023
e2_small	154	2.6958	-1.6206
e2_small	155	3.2769	-1.5294
e2_small	156	2.5731	-1.0366
e2_small	157	2.3580	-1.1683
e2_small	158	2.5814	-1.3814
e2_small	159	2.3691	-1.3805
e2_small	160	2.5986	-1.5686
e2_small	161	2.6612	-1.5740
e2_small	162	2.4273	-1.3739
e2_small	163	2.7094	-1.4444
e2_small	164	2.7523	-1.5483
e2_small	165	2.7850	-1.5706
e2_small	166	2.5144	-1.4187
e2_small	167	2.6606	-1.5004
e2_small	168	2.8679	-1.2095
e2_small	169	2.5555	-1.4172
e2_small	170	2.5765	-1.4086
e2_small	171	2.8242	-1.5193
e2_small	172	2.6022	-1.5356
e2_small	173	2.5486	-1.4486
e2_small	174	2.9257	-1.5434
e2_small	175	2.6538	-1.3987
e2_small	176	2.7959	-1.3922
e2_small	177	2.8718	-1.1114
e2_small	178	2.9863	-1.4424
e2_small	179	2.3554	-1.4540
e2_small	180	2.9848	-1.4648
e2_small	181	2.7595	-1.4114
e2_small	182	3.0707	-1.6301
e2_small	183	2.6575	-1.2971
e2_small	184	2.9679	-1.5795
e2_small	185	2.4674	-1.3537
e2_small	186	2.7281	-1.4835
e2_small	187	2.6538	-1.3144
e2_small	188	3.1144	-1.6730
e2_small	189	2.9947	-1.3814
e2_small	190	2.7462	-1.4378
e2_small	191	2.5772	-1.4885
e2_small	192	2.8346	-1.4239
e2_small	193	2.8973	-1.1248
e2_small	194	3.0362	-1.5149
e2_small	195	2.2730	-1.2923
e2_small	196	2.7034	-1.5724
e2_small	197	3.0964	-1.3989
e2_small	198	2.7245	-1.3066
e2_small	199	2.6885	-1.5514
e2_small	200	2.9498	-1.5717
e2_small	201	2.9418	-1.3863
e2_small	202	2.5918	-1.2688
e2_small	203	2.7155	-1.4236
e2_small	204	2.6574	-1.5393
e2_small	205	3.1311	-1.6620
e2_small	206	2.6901	-1.3391
e2_small	207	2.9901	-1.5466
e2_small	208	2.3476	-1.0870
e2_small	209	3.3592	-1.6340
e2_small	210	2.7434	-1.3954
e2_small	211	2.7095	-1.4277
e2_small	212	2.8655	-1.4206
e2_small	213	2.2368	-1.3112
e2_small	214	3.0366	-1.3371
e2_small	215	2.5035	-1.3837
e2_small	216	2.8068	-1.5448
e2_small	217	2.8895	-1.4993
e2_small	218	2.8510	-1.4074
e2_small	219	2.7279	-1.4497
e2_small	220	2.6118	-1.1232
e2_small	221	2.9666	-1.5200
e2_small	222	3.2211	-1.3334
e2_small	223	2.5812	-1.0450
e2_small	224	2.4813	-1.2022
e2_small	225	2.9717	-1.3105
e2_small	226	2.7213	-1.2643
e2_small	227	2.2834	-1.2207
e2_small	228	2.6215	-1.5755
e2_small	229	2.4841	-1.0827
e2_small	230	2.5267	-1.4949
e2_small	231	2.6545	-1.4530
e2_small	232	3.0794	-1.4881
e2_small	233	2.5742	-1.0493
e2_small	234	2.3171	-1.1268
e2_small	235	2.9656	-1.5341
e2_small	236	2.8422	-1.2849
e2_small	237	2.7710	-1.5503
e2_small	238	2.9264	-1.6553
e2_small	239	2.2233	-1.3173
e2_small	240	2.5407	-1.2675
e2_small	241	2.9098	-1.4846
e2_small	242	3.2634	-1.7241
e2_small	243	3.0445	-1.5567
e2_small	244	2.8272	-1.4375
e2_small	245	3.2636	-1.6642
e2_small	246	2.5522	-1.3956
e2_small	247	2.6914	-1.1469
e2_small	248	2.7661	-1.1897
e2_small	249	2.8067	-1.5926
e2_small	250	2.4595	-1.5279
e2_small	251	2.7889	-1.5056
e2_small	252	2.1681	-1.4797
e2_small	253	2.7741	-1.5935
e2_small	254	2.2663	-1.5045
e2_small	255	3.1274	-1.2745
e2_small	256	2.5093	-1.4076
e2_small	257	3.2733	-1.6016
e2_small	258	2.4343	-1.3701
e2_small	259	2.3511	-1.3848
e2_small	260	2.7842	-1.4489
e2_small	261	2.8496	-1.3303
e2_small	262	2.9701	-1.5663
e2_small	263	2.3213	-1.3477
e2_small	264	3.0943	-1.5525
e2_small	265	2.4720	-1.4153
e2_small	266	2.9942	-1.3369
e2_small	267	2.7022	-1.3278
e2_small	268	2.9158	-1.4055
e2_small	269	2.7884	-1.5987
e2_small	270	2.3738	-1.3678
e2_small	271	2.6529	-1.4481
e2_small	272	2.7587	-1.5480
e2_small	273	2.5755	-1.1381
e2_small	274	2.7988	-1.3888
e2_small	275	2.5120	-1.3603
e2_small	276	2.9465	-1.5401
e2_small	277	2.3824	-1.4452
e2_small	278	3.0819	-1.3545
e2_small	279	2.8930	-1.6174
e2_small	280	2.6732	-1.3121
e2_small	281	3.1293	-1.5898
e2_small	282	2.8088	-1.5508
e2_small	283	2.7799	-1.3190
e2_small	284	2.9136	-1.6654
e2_small	285	2.4572	-1.3549
e2_small	286	3.1146	-1.6859
e2_small	287	2.8043	-1.2138
e2_small	288	2.5625	-1.2742
e2_small	289	2.4804	-1.3617
e2_small	290	2.7889	-1.3705
e2_small	291	2.7773	-1.5858
e2_small	292	2.7513	-1.2423
e2_small	293	2.6634	-1.4858
e2_small	294	2.9534	-1.1838
e2_small	295	3.0520	-1.7035
e2_small	296	2.6297	-1.3823
e2_small	297	3.0432	-1.6435
e2_small	298	2.9104	-1.3432
e2_small	299	2.7906	-1.2899
e3_ctrl_small	0	-1.6288	0.9152
e3_ctrl_small	1	-1.5567	1.0319
e3_ctrl_small	2	-1.6786	1.1906
e3_ctrl_small	3	-1.5034	1.0288
e3_ctrl_small	4	-1.4545	0.6049
e3_ctrl_small	5	-1.3632	0.9754
e3_ctrl_small	6	-1.8010	1.3379
e3_ctrl_small	7	-1.6588	1.4820
e3_ctrl_small	8	-1.6539	1.2212
e3_ctrl_small	9	-1.7356	1.3738
e3_ctrl_small	10	-1.8295	1.0621
e3_ctrl_small	11	-1.5262	0.5649
e3_ctrl_small	12	-1.6107	0.9679
e3_ctrl_small	13	-1.9495	1.4649
e3_ctrl_small	14	-1.6941	1.4221
e3_ctrl_small	15	-1.8722	0.9630
e3_ctrl_small	16	-1.6449	1.0614
e3_ctrl_small	17	-1.7404	1.4536
e3_ctrl_small	18	-1.6326	1.0839
e3_ctrl_small	19	-1.8189	1.0847
e3_ctrl_small	20	-1.5651	0.8197
e3_ctrl_small	21	-1.7674	1.0849
e3_ctrl_small	22	-1.8245	1.1800
e3_ctrl_small	23	-1.6226	0.8962
e3_ctrl_small	24	-1.6894	0.8552
e3_ctrl_small	25	-1.5156	0.6869
e3_ctrl_small	26	-1.9521	1.1107
e3_ctrl_small	27	-1.5901	1.1248
e3_ctrl_small	28	-1.7394	1.0578
e3_ctrl_small	29	-1.8960	0.9675
e3_ctrl_small	30	-1.7609	1.1082
e3_ctrl_small	31	-1.4589	0.4189
e3_ctrl_small	32	-1.7191	1.3347
e3_ctrl_small	33	-1.6150	1.0278
e3_ctrl_small	34	-1.5992	0.9707
e3_ctrl_small	35	-1.5471	0.7439
e3_ctrl_small	36	-1.4989	0.9036
e3_ctrl_small	37	-1.8172	1.2730
e3_ctrl_small	38	-1.6691	0.6041
e3_ctrl_small	39	-1.6808	1.0217
e3_ctrl_small	40	-1.3305	0.9269
e3_ctrl_small	41	-1.8491	1.1048
e3_ctrl_small	42	-1.5932	1.1094
e3_ctrl_small	43	-1.6566	0.6760
e3_ctrl_small	44	-1.7999	1.0761
e3_ctrl_small	45	-1.5627	1.0193
e3_ctrl_small	46	-1.6475	1.2729
e3_ctrl_small	47	-1.6792	1.0666
e3_ctrl_small	48	-1.8680	0.6598
e3_ctrl_small	49	-1.7298	0.6403
e3_ctrl_small	50	-1.6212	1.0558
e3_ctrl_small	51	-1.8356	0.7613
e3_ctrl_small	52	-1.4971	0.8356
e3_ctrl_small	53	-1.7482	1.2022
e3_ctrl_small	54	-1.5320	0.6285
e3_ctrl_small	55	-1.5095	0.6413
e3_ctrl_small	56	-1.5508	0.8349
e3_ctrl_small	57	-1.5310	0.5884
e3_ctrl_small	58	-1.5436	0.6811
e3_ctrl_small	59	-1.9213	1.3326
e3_ctrl_small	60	-1.9967	0.9456
e3_ctrl_small	61	-1.7531	1.0572
e3_ctrl_small	62	-1.7619	1.1237
e3_ctrl_small	63	-1.5118	1.1213
e3_ctrl_small	64	-1.4452	0.9161
e3_ctrl_small	65	-1.6060	0.7040
e3_ctrl_small	66	-1.5854	0.8279
e3_ctrl_small	67	-2.0394	0.9194
e3_ctrl_small	68	-1.4169	0.7710
e3_ctrl_small	69	-1.6759	1.0960
e3_ctrl_small	70	-1.7468	1.0116
e3_ctrl_small	71	-1.4382	0.9806
e3_ctrl_small	72	-1.7574	1.2622
e3_ctrl_small	73	-1.5835	0.8127
e3_ctrl_small	74	-1.4932	0.9515
e3_ctrl_small	75	-1.7763	0.9570
e3_ctrl_small	76	-1.5582	0.9097
e3_ctrl_small	77	-1.6600	0.9385
e3_ctrl_small	78	-1.5616	0.9555
e3_ctrl_small	79	-1.7595	1.7347
e3_ctrl_small	80	-1.5953	0.9408
e3_ctrl_small	81	-1.7151	1.3457
e3_ctrl_small	82	-1.6086	1.0726
e3_ctrl_small	83	-1.7236	1.1244
e3_ctrl_small	84	-1.7589	1.4369
e3_ctrl_small	85	-1.7468	1.1907
e3_ctrl_small	86	-1.6331	1.0797
e3_ctrl_small	87	-1.7370	1.3134
e3_ctrl_small	88	-1.7861	1.0965
e3_ctrl_small	89	-1.6873	0.7976
e3_ctrl_small	90	-1.7048	1.3009
e3_ctrl_small	91	-1.7310	1.4193
e3_ctrl_small	92	-1.7023	1.1237
e3_ctrl_small	93	-1.3564	0.8810
e3_ctrl_small	94	-1.6952	1.2089
e3_ctrl_small	95	-1.5344	1.0564
e3_ctrl_small	96	-1.5589	1.1617
e3_ctrl_small	97	-1.7937	1.0578
e3_ctrl_small	98	-1.6943	0.9829
e3_ctrl_small	99	-1.7709	1.1290
e3_ctrl_small	100	-1.9088	1.5486
e3_ctrl_small	101	-1.6673	1.0651
e3_ctrl_small	102	-1.6887	1.0073
e3_ctrl_small	103	-1.6344	0.9466
e3_ctrl_small	104	-1.6348	1.1857
e3_ctrl_small	105	-1.6329	0.8403
e3_ctrl_small	106	-1.5185	0.7194
e3_ctrl_small	107	-1.7327	0.9961
e3_ctrl_small	108	-1.4755	0.9210
e3_ctrl_small	109	-1.6807	1.3952
e3_ctrl_small	110	-1.4692	0.9670
e3_ctrl_small	111	-1.9302	0.8346
e3_ctrl_small	112	-1.4757	1.1628
e3_ctrl_small	113	-1.8373	1.3726
e3_ctrl_small	114	-1.6636	0.8482
e3_ctrl_small	115	-1.8181	0.9737
e3_ctrl_small	116	-1.6625	0.8575
e3_ctrl_small	117	-1.6519	1.2468
e3_ctrl_small	118	-1.5960	1.0063
e3_ctrl_small	119	-1.4843	0.9364
e3_ctrl_small	120	-1.5406	0.9647
e3_ctrl_small	121	-1.4736	1.1748
e3_ctrl_small	122	-1.7451	1.0455
e3_ctrl_small	123	-1.5263	0.8397
e3_ctrl_small	124	-1.6145	0.9722
e3_ctrl_small	125	-1.8142	1.2031
e3_ctrl_small	126	-1.6106	0.9728
e3_ctrl_small	127	-1.8739	1.0197
e3_ctrl_small	128	-1.9619	1.2977
e3_ctrl_small	129	-1.6215	1.5488
e3_ctrl_small	130	-1.8256	1.0679
e3_ctrl_small	131	-1.5147	0.7593
e3_ctrl_small	132	-1.6832	1.3725
e3_ctrl_small	133	-1.5396	1.0282
e3_ctrl_small	134	-1.5974	0.9753
e3_ctrl_small	135	-1.6878	1.0435
e3_ctrl_small	136	-1.5929	0.8709
e3_ctrl_small	137	-1.8033	0.7289
e3_ctrl_small	138	-1.7721	0.8539
e3_ctrl_small	139	-1.6685	0.9954
e3_ctrl_small	140	-1.6051	0.8866
e3_ctrl_small	141	-1.6168	0.9937
e3_ctrl_small	142	-1.6221	1.0351
e3_ctrl_small	143	-1.6047	1.0687
e3_ctrl_small	144	-1.7607	0.8714
e3_ctrl_small	145	-1.6298	0.6118
e3_ctrl_small	146	-1.6291	1.0350
e3_ctrl_small	147	-1.6678	0.2371
e3_ctrl_small	148	-1.5649	1.0302
e3_ctrl_small	149	-1.4669	1.0479
e3_ctrl_small	150	-1.5463	1.0089
e3_ctrl_small	151	-1.9420	1.0114
e3_ctrl_small	152	-1.7789	1.2809
e3_ctrl_small	153	-1.7439	0.9889
e3_ctrl_small	154	-1.5608	1.0518
e3_ctrl_small	155	-1.3519	0.6765
e3_ctrl_small	156	-1.5429	0.7974
e3_ctrl_small	157	-1.6240	0.9147
e3_ctrl_small	158	-1.3963	0.7378
e3_ctrl_small	159	-1.5835	1.1279
e3_ctrl_small	160	-1.8224	1.0002
e3_ctrl_small	161	-1.3934	0.5013
e3_ctrl_small	162	-1.7432	1.0240
e3_ctrl_small	163	-1.8052	1.1976
e3_ctrl_small	164	-1.6896	1.0397
e3_ctrl_small	165	-1.5457	0.8332
e3_ctrl_small	166	-1.5657	0.9699
e3_ctrl_small	167	-1.6065	1.2300
e3_ctrl_small	168	-1.6520	0.6049
e3_ctrl_small	169	-1.9806	1.0590
e3_ctrl_small	170	-1.5437	1.0013
e3_ctrl_small	171	-1.7522	1.1116
e3_ctrl_small	172	-1.8508	1.2380
e3_ctrl_small	173	-1.7029	1.1694
e3_ctrl_small	174	-1.5189	0.6349
e3_ctrl_small	175	-1.6549	1.1473
e3_ctrl_small	176	-1.7309	1.2376
e3_ctrl_small	177	-1.6284	0.9924
e3_ctrl_small	178	-1.6529	1.4503
e3_ctrl_small	179	-1.6085	1.1525
e3_ctrl_small	180	-1.4963	0.9147
e3_ctrl_small	181	-1.5552	0.7067
e3_ctrl_small	182	-1.8116	1.0036
e3_ctrl_small	183	-1.5685	0.9305
e3_ctrl_small	184	-1.4918	0.4455
e3_ctrl_small	185	-1.7743	0.8070
e3_ctrl_small	186	-1.8307	1.2066
e3_ctrl_small	187	-1.4898	1.0071
e3_ctrl_small	188	-1.5526	0.9204
e3_ctrl_small	189	-1.7288	0.8152
e3_ctrl_small	190	-1.7551	0.7356
e3_ctrl_small	191	-1.8122	1.0016
e3_ctrl_small	192	-1.7894	0.8655
e3_ctrl_small	193	-1.6372	1.0055
e3_ctrl_small	194	-1.7609	1.3802
e3_ctrl_small	195	-1.7027	0.9432
e3_ctrl_small	196	-1.8947	1.3905
e3_ctrl_small	197	-1.6228	1.2559
e3_ctrl_small	198	-1.7039	0.8702
e3_ctrl_small	199	-1.9501	1.3112
e3_ctrl_small	200	-1.7944	1.1345
e3_ctrl_small	201	-1.5753	0.7873
e3_ctrl_small	202	-1.9401	1.3146
e3_ctrl_small	203	-1.6535	1.0201
e3_ctrl_small	204	-1.6626	1.0997
e3_ctrl_small	205	-1.7004	0.7685
e3_ctrl_small	206	-1.4408	0.9642
e3_ctrl_small	207	-1.7101	1.2651
e3_ctrl_small	208	-1.6788	0.8097
e3_ctrl_small	209	-1.7687	1.0293
e3_ctrl_small	210	-1.5536	0.8516
e3_ctrl_small	211	-1.8733	1.2235
e3_ctrl_small	212	-1.4842	0.9028
e3_ctrl_small	213	-1.6814	1.2618
e3_ctrl_small	214	-1.5585	1.2335
e3_ctrl_small	215	-1.5610	0.8660
e3_ctrl_small	216	-1.8136	1.0469
e3_ctrl_small	217	-1.8266	0.8641
e3_ctrl_small	218	-1.5389	1.1313
e3_ctrl_small	219	-1.4823	1.0147
e3_ctrl_small	220	-1.4833	1.0782
e3_ctrl_small	221	-1.6129	1.3349
e3_ctrl_small	222	-1.7370	0.9412
e3_ctrl_small	223	-1.6533	0.7583
e3_ctrl_small	224	-1.6838	0.7711
e3_ctrl_small	225	-1.6514	0.8496
e3_ctrl_small	226	-1.6990	1.3633
e3_ctrl_small	227	-1.5528	0.9903
e3_ctrl_small	228	-1.6031	0.8865
e3_ctrl_small	229	-1.6188	1.1085
e3_ctrl_small	230	-1.6045	0.7443
e3_ctrl_small	231	-1.6193	1.1947
e3_ctrl_small	232	-1.6136	0.9714
e3_ctrl_small	233	-1.6090	1.2614
e3_ctrl_small	234	-1.6767	0.7564
e3_ctrl_small	235	-1.6321	1.1409
e3_ctrl_small	236	-1.5204	0.9207
e3_ctrl_small	237	-1.6649	0.9242
e3_ctrl_small	238	-1.6326	1.0431
e3_ctrl_small	239	-1.7711	1.0063
e3_ctrl_small	240	-1.4235	0.7472
e3_ctrl_small	241	-1.8048	1.1407
e3_ctrl_small	242	-1.3184	0.4512
e3_ctrl_small	243	-1.6461	0.7547
e3_ctrl_small	244	-1.4076	0.9844
e3_ctrl_small	245	-1.6867	1.0105
e3_ctrl_small	246	-1.8695	1.2765
e3_ctrl_small	247	-1.6205	1.2355
e3_ctrl_small	248	-1.6754	1.4405
e3_ctrl_small	249	-1.7534	1.0725
e3_ctrl_small	250	-1.4183	0.8409
e3_ctrl_small	251	-1.7869	0.5437
e3_ctrl_small	252	-1.6665	1.2414
e3_ctrl_small	253	-1.5101	0.9263
e3_ctrl_small	254	-1.6251	0.9653
e3_ctrl_small	255	-1.7060	0.8772
e3_ctrl_small	256	-1.5945	0.8438
e3_ctrl_small	257	-1.4942	0.9062
e3_ctrl_small	258	-1.6193	1.2132
e3_ctrl_small	259	-1.7866	1.2040
e3_ctrl_small	260	-1.7836	1.1196
e3_ctrl_small	261	-1.5870	0.7750
e3_ctrl_small	262	-1.5317	0.7414
e3_ctrl_small	263	-1.7753	0.8068
e3_ctrl_small	264	-1.8407	1.3920
e3_ctrl_small	265	-1.6493	0.9349
e3_ctrl_small	266	-1.7475	0.8126
e3_ctrl_small	267	-1.5808	0.7652
e3_ctrl_small	268	-1.5842	1.1839
e3_ctrl_small	269	-1.8210	1.2264
e3_ctrl_small	270	-1.6207	1.1383
e3_ctrl_small	271	-1.6700	1.1080
e3_ctrl_small	272	-1.7872	0.8003
e3_ctrl_small	273	-1.7570	1.1221
e3_ctrl_small	274	-1.7749	0.7470
e3_ctrl_small	275	-1.3399	0.8201
e3_ctrl_small	276	-1.8065	1.0699
e3_ctrl_small	277	-1.6874	1.0250
e3_ctrl_small	278	-1.4025	0.6827
e3_ctrl_small	279	-1.6275	1.2950
e3_ctrl_small	280	-1.7374	1.0870
e3_ctrl_small	281	-1.6753	1.0325
e3_ctrl_small	282	-1.7412	0.8684
e3_ctrl_small	283	-1.6003	1.0422
e3_ctrl_small	284	-1.8130	1.3922
e3_ctrl_small	285	-1.4068	0.9309
e3_ctrl_small	286	-1.5800	1.2506
e3_ctrl_small	287	-1.7709	1.3878
e3_ctrl_small	288	-1.7092	0.8373
e3_ctrl_small	289	-1.7141	1.1779
e3_ctrl_small	290	-1.6526	0.9114
e3_ctrl_small	291	-1.6798	1.2957
e3_ctrl_small	292	-1.7180	0.9007
e3_ctrl_small	293	-1.6625	0.8314
e3_ctrl_small	294	-1.7445	0.9244
e3_ctrl_small	295	-1.8319	1.2792
e3_ctrl_small	296	-1.6580	1.3250
e3_ctrl_small	297	-1.9587	1.1812
e3_ctrl_small	298	-1.7555	1.0768
e3_ctrl_small	299	-1.4946	1.1598
random_uniform	0	-2.5894	-1.8689
random_uniform	1	-2.6178	-1.5564
random_uniform	2	-2.7900	-1.9753
random_uniform	3	-2.5143	-1.7461
random_uniform	4	-2.8861	-2.0363
random_uniform	5	-2.8749	-1.9842
random_uniform	6	-2.6809	-1.8803
random_uniform	7	-2.7474	-1.8098
random_uniform	8	-2.7663	-2.0158
random_uniform	9	-2.8078	-1.9790
random_uniform	10	-2.6268	-1.9196
random_uniform	11	-2.5940	-1.7521
random_uniform	12	-2.7608	-1.9422
random_uniform	13	-2.6680	-1.7220
random_uniform	14	-2.6654	-1.9918
random_uniform	15	-2.6618	-1.9694
random_uniform	16	-2.6265	-1.7584
random_uniform	17	-2.6686	-1.8930
random_uniform	18	-2.6690	-1.5584
random_uniform	19	-2.6025	-1.7860
random_uniform	20	-2.6075	-1.8292
random_uniform	21	-2.4355	-1.7756
random_uniform	22	-2.6780	-1.8514
random_uniform	23	-2.6213	-1.8673
random_uniform	24	-2.6142	-1.8067
random_uniform	25	-2.6447	-2.0785
random_uniform	26	-2.6928	-1.9348
random_uniform	27	-2.5864	-1.8260
random_uniform	28	-2.6719	-1.9762
random_uniform	29	-2.4941	-1.6919
random_uniform	30	-2.4500	-1.6686
random_uniform	31	-2.5417	-1.8199
random_uniform	32	-2.6660	-1.7297
random_uniform	33	-2.8941	-1.7956
random_uniform	34	-2.5688	-1.6300
random_uniform	35	-2.7054	-2.0128
random_uniform	36	-2.7178	-1.8049
random_uniform	37	-2.6626	-1.8645
random_uniform	38	-2.6595	-1.7866
random_uniform	39	-2.6071	-1.6135
random_uniform	40	-2.5567	-1.6977
random_uniform	41	-2.6114	-1.8178
random_uniform	42	-2.5596	-1.8536
random_uniform	43	-2.6724	-1.8670
random_uniform	44	-2.7495	-2.0671
random_uniform	45	-2.7507	-1.6837
random_uniform	46	-2.7094	-1.8861
random_uniform	47	-2.6650	-1.9280
random_uniform	48	-2.4787	-1.9033
random_uniform	49	-2.4723	-1.8230
random_uniform	50	-2.6407	-1.9515
random_uniform	51	-2.5516	-1.9679
random_uniform	52	-2.6480	-1.8017
random_uniform	53	-2.5649	-1.7691
random_uniform	54	-2.5410	-1.7731
random_uniform	55	-2.5852	-1.6846
random_uniform	56	-2.6680	-1.9831
random_uniform	57	-2.7210	-2.0264
random_uniform	58	-2.5509	-1.9355
random_uniform	59	-2.7615	-1.9987
random_uniform	60	-2.8019	-2.0212
random_uniform	61	-2.6724	-2.0092
random_uniform	62	-2.5918	-1.5767
random_uniform	63	-2.6463	-1.9113
random_uniform	64	-2.7939	-1.9038
random_uniform	65	-2.7157	-1.8708
random_uniform	66	-2.6741	-1.9570
random_uniform	67	-2.6455	-1.9209
random_uniform	68	-2.6983	-1.8953
random_uniform	69	-2.6324	-1.9982
random_uniform	70	-2.6657	-1.8825
random_uniform	71	-2.6961	-1.9856
random_uniform	72	-2.6318	-1.8499
random_uniform	73	-2.6106	-1.8492
random_uniform	74	-2.5986	-1.8228
random_uniform	75	-2.7580	-2.0435
random_uniform	76	-2.5939	-1.6751
random_uniform	77	-2.5722	-1.9959
random_uniform	78	-2.8104	-1.7721
random_uniform	79	-2.5809	-1.7784
random_uniform	80	-2.7957	-1.9115
random_uniform	81	-2.6716	-1.7695
random_uniform	82	-2.5976	-1.8815
random_uniform	83	-2.7371	-1.9632
random_uniform	84	-2.5371	-2.0012
random_uniform	85	-2.5982	-1.8710
random_uniform	86	-2.5583	-1.5584
random_uniform	87	-2.7256	-2.1684
random_uniform	88	-2.7449	-1.6475
random_uniform	89	-2.4197	-1.6536
random_uniform	90	-2.5404	-1.8131
random_uniform	91	-2.5517	-1.8367
random_uniform	92	-2.6733	-2.0264
random_uniform	93	-2.6104	-1.9680
random_uniform	94	-2.6297	-1.9556
random_uniform	95	-2.6920	-1.8801
random_uniform	96	-2.5583	-1.9992
random_uniform	97	-2.7029	-1.8171
random_uniform	98	-2.7016	-2.0941
random_uniform	99	-2.6052	-1.7712
random_uniform	100	-2.6271	-1.7481
random_uniform	101	-2.5390	-1.5722
random_uniform	102	-2.5811	-1.8673
random_uniform	103	-2.6399	-1.7570
random_uniform	104	-2.5412	-1.5602
random_uniform	105	-2.7085	-1.9147
random_uniform	106	-2.5246	-1.6931
random_uniform	107	-2.7404	-2.0048
random_uniform	108	-2.7083	-1.9183
random_uniform	109	-2.8595	-2.0430
random_uniform	110	-2.5331	-1.6179
random_uniform	111	-2.7697	-2.0333
random_uniform	112	-2.6694	-1.9241
random_uniform	113	-2.6382	-1.7744
random_uniform	114	-2.6930	-1.8817
random_uniform	115	-2.6546	-1.8852
random_uniform	116	-2.6271	-1.9495
random_uniform	117	-2.6407	-1.9304
random_uniform	118	-2.5086	-1.7896
random_uniform	119	-2.5762	-1.7349
random_uniform	120	-2.6582	-1.8217
random_uniform	121	-2.6872	-1.7462
random_uniform	122	-2.7385	-1.9769
random_uniform	123	-2.5920	-1.8220
random_uniform	124	-2.9327	-2.2430
random_uniform	125	-2.6877	-1.8220
random_uniform	126	-2.6746	-2.0069
random_uniform	127	-2.6283	-1.8605
random_uniform	128	-2.6491	-1.9525
random_uniform	129	-2.6339	-1.7337
random_uniform	130	-2.6821	-1.6463
random_uniform	131	-2.5314	-1.8050
random_uniform	132	-2.6805	-1.7183
random_uniform	133	-2.5606	-1.6952
random_uniform	134	-2.7884	-2.0584
random_uniform	135	-2.6028	-1.8242
random_uniform	136	-2.7915	-2.0884
random_uniform	137	-2.6368	-1.8465
random_uniform	138	-2.4695	-1.5816
random_uniform	139	-2.6610	-1.8124
random_uniform	140	-2.6080	-2.0090
random_uniform	141	-2.7018	-2.1552
random_uniform	142	-2.5847	-1.8404
random_uniform	143	-2.6073	-1.7509
random_uniform	144	-2.7018	-1.9735
random_uniform	145	-2.6806	-1.8779
random_uniform	146	-2.7570	-2.1363
random_uniform	147	-2.5999	-1.8856
random_uniform	148	-2.6028	-1.6945
random_uniform	149	-2.6637	-2.2380
random_uniform	150	-2.6075	-2.0013
random_uniform	151	-2.5019	-1.5610
random_uniform	152	-2.7081	-1.9799
random_uniform	153	-2.7396	-1.9049
random_uniform	154	-2.8519	-1.8983
random_uniform	155	-2.4962	-1.9578
random_uniform	156	-2.8829	-1.7756
random_uniform	157	-2.7036	-1.9600
random_uniform	158	-2.7996	-1.9533
random_uniform	159	-2.6369	-1.8947
random_uniform	160	-2.8564	-2.1754
random_uniform	161	-2.6225	-2.0018
random_uniform	162	-2.6388	-1.6958
random_uniform	163	-2.7420	-2.0032
random_uniform	164	-2.6650	-1.7204
random_uniform	165	-2.7111	-1.8665
random_uniform	166	-2.6998	-1.8032
random_uniform	167	-2.7744	-1.7894
random_uniform	168	-2.8806	-2.3796
random_uniform	169	-2.5263	-1.5330
random_uniform	170	-2.5691	-1.8142
random_uniform	171	-2.8957	-2.1146
random_uniform	172	-2.5996	-1.7495
random_uniform	173	-2.5826	-1.8635
random_uniform	174	-2.6669	-1.8726
random_uniform	175	-2.6096	-1.7834
random_uniform	176	-2.6616	-1.8058
random_uniform	177	-2.4820	-1.7125
random_uniform	178	-2.8096	-2.0704
random_uniform	179	-2.7721	-2.0319
random_uniform	180	-2.5751	-1.9540
random_uniform	181	-2.6255	-1.6675
random_uniform	182	-2.6443	-1.7081
random_uniform	183	-2.7336	-1.7722
random_uniform	184	-2.7492	-1.7371
random_uniform	185	-2.6180	-1.7687
random_uniform	186	-2.6177	-1.5672
random_uniform	187	-2.6097	-1.8992
random_uniform	188	-2.5631	-1.8998
random_uniform	189	-2.7682	-2.0090
random_uniform	190	-2.7871	-1.9883
random_uniform	191	-2.6646	-1.9950
random_uniform	192	-2.7000	-1.8965
random_uniform	193	-2.5123	-1.5900
random_uniform	194	-2.6955	-1.9598
random_uniform	195	-2.7615	-2.1516
random_uniform	196	-2.6289	-1.7575
random_uniform	197	-2.7522	-1.8502
random_uniform	198	-2.5915	-1.5365
random_uniform	199	-2.4931	-1.6324
random_uniform	200	-2.6624	-1.7083
random_uniform	201	-2.6909	-1.8108
random_uniform	202	-2.7415	-1.7981
random_uniform	203	-2.7489	-1.9363
random_uniform	204	-2.7682	-1.7872
random_uniform	205	-2.6731	-1.7976
random_uniform	206	-2.7091	-1.9476
random_uniform	207	-2.8123	-1.8359
random_uniform	208	-2.6598	-1.8395
random_uniform	209	-2.8291	-1.8582
random_uniform	210	-2.7347	-2.1156
random_uniform	211	-2.5239	-1.8731
random_uniform	212	-2.6696	-1.8313
random_uniform	213	-2.6728	-1.7889
random_uniform	214	-2.5993	-1.8298
random_uniform	215	-2.7728	-1.8911
random_uniform	216	-2.6928	-2.0709
random_uniform	217	-2.8427	-1.9926
random_uniform	218	-2.5717	-1.6956
random_uniform	219	-2.6651	-1.8117
random_uniform	220	-2.6293	-1.7687
random_uniform	221	-2.7977	-2.0439
random_uniform	222	-2.5417	-2.0501
random_uniform	223	-2.6448	-1.7196
random_uniform	224	-2.5769	-1.7602
random_uniform	225	-2.7413	-1.9289
random_uniform	226	-2.5009	-1.5814
random_uniform	227	-2.7145	-1.9922
random_uniform	228	-2.4446	-1.5553
random_uniform	229	-2.7283	-1.9361
random_uniform	230	-2.7983	-1.6111
random_uniform	231	-2.6633	-1.7547
random_uniform	232	-2.6308	-1.8450
random_uniform	233	-2.6278	-1.8608
random_uniform	234	-2.6308	-1.8555
random_uniform	235	-2.7512	-1.8341
random_uniform	236	-2.7138	-2.2650
random_uniform	237	-2.6234	-1.7915
random_uniform	238	-2.7830	-2.0451
random_uniform	239	-2.5716	-1.7891
random_uniform	240	-2.6701	-1.9321
random_uniform	241	-2.6140	-1.7620
random_uniform	242	-2.5829	-1.9423
random_uniform	243	-2.5461	-1.7423
random_uniform	244	-2.6812	-1.7416
random_uniform	245	-2.7282	-1.9640
random_uniform	246	-2.6046	-1.8701
random_uniform	247	-2.7327	-2.0055
random_uniform	248	-2.5902	-1.8505
random_uniform	249	-2.5089	-1.6991
random_uniform	250	-2.6692	-1.8810
random_uniform	251	-2.5654	-1.9457
random_uniform	252	-2.7771	-1.9773
random_uniform	253	-2.7046	-2.1546
random_uniform	254	-2.7417	-2.0901
random_uniform	255	-2.5098	-1.6171
random_uniform	256	-2.7081	-1.8919
random_uniform	257	-2.6648	-1.7313
random_uniform	258	-2.5355	-1.5237
random_uniform	259	-2.8299	-1.9436
random_uniform	260	-2.6670	-1.8385
random_uniform	261	-2.7593	-1.9766
random_uniform	262	-2.6094	-1.6756
random_uniform	263	-2.6040	-1.8154
random_uniform	264	-2.5790	-1.9164
random_uniform	265	-2.4353	-1.6928
random_uniform	266	-2.7358	-1.9476
random_uniform	267	-2.6533	-2.1222
random_uniform	268	-2.8584	-1.8907
random_uniform	269	-2.7447	-2.1106
random_uniform	270	-2.8571	-2.0516
random_uniform	271	-2.6270	-2.0209
random_uniform	272	-2.6134	-1.7056
random_uniform	273	-2.7462	-1.8067
random_uniform	274	-2.6627	-1.9005
random_uniform	275	-2.5659	-1.7605
random_uniform	276	-2.7190	-2.0227
random_uniform	277	-2.7000	-2.0079
random_uniform	278	-2.6062	-1.7180
random_uniform	279	-2.5446	-1.7554
random_uniform	280	-2.6450	-2.0497
random_uniform	281	-2.6659	-1.7964
random_uniform	282	-2.6291	-1.8023
random_uniform	283	-2.7648	-1.9241
random_uniform	284	-2.6733	-1.9336
random_uniform	285	-2.6612	-1.9925
random_uniform	286	-2.6435	-1.9516
random_uniform	287	-2.6272	-1.8701
random_uniform	288	-2.6945	-1.7901
random_uniform	289	-2.6578	-1.7321
random_uniform	290	-2.5186	-1.7571
random_uniform	291	-2.5353	-1.8757
random_uniform	292	-2.7783	-2.0504
random_uniform	293	-2.6953	-1.9182
random_uniform	294	-2.5758	-1.6434
random_uniform	295	-2.6407	-2.1100
random_uniform	296	-2.6894	-1.6386
random_uniform	297	-2.6112	-1.9578
random_uniform	298	-2.7705	-1.9832
random_uniform	299	-2.7451	-1.9297
shuffled_rows	0	-2.1544	0.4559
shuffled_rows	1	-2.1140	0.4530
shuffled_rows	2	-2.2131	0.4743
shuffled_rows	3	-2.4387	0.3162
shuffled_rows	4	-2.1036	0.6046
shuffled_rows	5	-2.1774	0.6814
shuffled_rows	6	-2.1375	0.7105
shuffled_rows	7	-2.1416	0.5967
shuffled_rows	8	-2.1058	0.6185
shuffled_rows	9	-2.1437	0.3818
shuffled_rows	10	-2.2316	0.5774
shuffled_rows	11	-2.1749	0.4646
shuffled_rows	12	-2.2038	0.3169
shuffled_rows	13	-2.1396	0.4413
shuffled_rows	14	-2.1664	0.4698
shuffled_rows	15	-2.1811	0.7222
shuffled_rows	16	-2.1612	0.3767
shuffled_rows	17	-2.1396	0.3062
shuffled_rows	18	-2.1363	0.5287
shuffled_rows	19	-2.2441	0.4392
shuffled_rows	20	-2.0969	0.8772
shuffled_rows	21	-2.1736	0.5062
shuffled_rows	22	-2.1069	0.6081
shuffled_rows	23	-2.1175	0.7036
shuffled_rows	24	-2.1767	0.4096
shuffled_rows	25	-2.2449	0.5056
shuffled_rows	26	-2.1702	0.5099
shuffled_rows	27	-2.2569	0.3261
shuffled_rows	28	-2.1535	0.4790
shuffled_rows	29	-2.1496	0.5086
shuffled_rows	30	-2.1334	0.5842
shuffled_rows	31	-2.1333	0.5000
shuffled_rows	32	-2.2709	0.4604
shuffled_rows	33	-2.1630	0.4734
shuffled_rows	34	-2.1614	0.6364
shuffled_rows	35	-2.1207	0.5172
shuffled_rows	36	-2.2481	0.4017
shuffled_rows	37	-2.1428	0.6157
shuffled_rows	38	-2.1417	0.4382
shuffled_rows	39	-2.1527	0.4775
shuffled_rows	40	-2.1408	0.5231
shuffled_rows	41	-2.1673	0.4772
shuffled_rows	42	-2.1920	0.6644
shuffled_rows	43	-2.1522	0.4394
shuffled_rows	44	-2.1968	0.3783
shuffled_rows	45	-2.1289	0.5343
shuffled_rows	46	-2.1764	0.4337
shuffled_rows	47	-2.1765	0.3378
shuffled_rows	48	-2.1251	0.5460
shuffled_rows	49	-2.1655	0.3234
shuffled_rows	50	-2.1730	0.5987
shuffled_rows	51	-2.1350	0.5677
shuffled_rows	52	-2.1953	0.4261
shuffled_rows	53	-2.1991	0.3978
shuffled_rows	54	-2.2057	0.3214
shuffled_rows	55	-2.2259	0.4047
shuffled_rows	56	-2.1592	0.5439
shuffled_rows	57	-2.2027	0.4307
shuffled_rows	58	-2.1721	0.5252
shuffled_rows	59	-2.1392	0.4514
shuffled_rows	60	-2.1650	0.3179
shuffled_rows	61	-2.1282	0.5277
shuffled_rows	62	-2.1878	0.6085
shuffled_rows	63	-2.2341	0.4361
shuffled_rows	64	-2.2463	0.2640
shuffled_rows	65	-2.2874	0.6296
shuffled_rows	66	-2.2769	0.3418
shuffled_rows	67	-2.1801	0.5548
shuffled_rows	68	-2.1398	0.6215
shuffled_rows	69	-2.1284	0.5600
shuffled_rows	70	-2.1421	0.5170
shuffled_rows	71	-2.1988	0.4783
shuffled_rows	72	-2.1442	0.5121
shuffled_rows	73	-2.1343	0.5069
shuffled_rows	74	-2.1340	0.5053
shuffled_rows	75	-2.2370	0.6655
shuffled_rows	76	-2.1246	0.4801
shuffled_rows	77	-2.3036	0.4981
shuffled_rows	78	-2.2194	0.3631
shuffled_rows	79	-2.2713	0.4938
shuffled_rows	80	-2.2532	0.3278
shuffled_rows	81	-2.1632	0.5786
shuffled_rows	82	-2.2362	0.4037
shuffled_rows	83	-2.1364	0.5963
shuffled_rows	84	-2.1076	0.7470
shuffled_rows	85	-2.3098	0.4989
shuffled_rows	86	-2.1909	0.4301
shuffled_rows	87	-2.3359	0.5078
shuffled_rows	88	-2.1500	0.7788
shuffled_rows	89	-2.2318	0.3937
shuffled_rows	90	-2.1501	0.5058
shuffled_rows	91	-2.1852	0.2486
shuffled_rows	92	-2.2519	0.6071
shuffled_rows	93	-2.2623	0.4627
shuffled_rows	94	-2.1468	0.5623
shuffled_rows	95	-2.1105	0.5711
shuffled_rows	96	-2.1295	0.4531
shuffled_rows	97	-2.2053	0.3712
shuffled_rows	98	-2.1318	0.5730
shuffled_rows	99	-2.2085	0.4728
shuffled_rows	100	-2.1506	0.6170
shuffled_rows	101	-2.1941	0.4792
shuffled_rows	102	-2.3230	0.4429
shuffled_rows	103	-2.2663	0.4437
shuffled_rows	104	-2.1219	0.7307
shuffled_rows	105	-2.3399	0.3440
shuffled_rows	106	-2.2294	0.6907
shuffled_rows	107	-2.1526	0.6018
shuffled_rows	108	-2.1971	0.5103
shuffled_rows	109	-2.2095	0.4126
shuffled_rows	110	-2.2316	0.4755
shuffled_rows	111	-2.1742	0.5085
shuffled_rows	112	-2.1255	0.8167
shuffled_rows	113	-2.1940	0.5555
shuffled_rows	114	-2.0913	0.5978
shuffled_rows	115	-2.2180	0.4543
shuffled_rows	116	-2.1676	0.3544
shuffled_rows	117	-2.2176	0.4546
shuffled_rows	118	-2.1797	0.4856
shuffled_rows	119	-2.1690	0.4012
shuffled_rows	120	-2.2038	0.6057
shuffled_rows	121	-2.1051	0.4840
shuffled_rows	122	-2.1342	0.4738
shuffled_rows	123	-2.1496	0.4408
shuffled_rows	124	-2.1020	0.5351
shuffled_rows	125	-2.1943	0.5390
shuffled_rows	126	-2.2314	0.4079
shuffled_rows	127	-2.1812	0.4705
shuffled_rows	128	-2.1728	0.4571
shuffled_rows	129	-2.2768	0.2755
shuffled_rows	130	-2.1327	0.4363
shuffled_rows	131	-2.1814	0.5069
shuffled_rows	132	-2.0921	0.5240
shuffled_rows	133	-2.3015	0.4868
shuffled_rows	134	-2.0908	0.5308
shuffled_rows	135	-2.1702	0.4372
shuffled_rows	136	-2.2070	0.2756
shuffled_rows	137	-2.2201	0.4760
shuffled_rows	138	-2.2447	0.5350
shuffled_rows	139	-2.2447	0.4304
shuffled_rows	140	-2.1593	0.6911
shuffled_rows	141	-2.1326	0.3233
shuffled_rows	142	-2.2397	0.6029
shuffled_rows	143	-2.1458	0.6729
shuffled_rows	144	-2.1686	0.6089
shuffled_rows	145	-2.2230	0.5978
shuffled_rows	146	-2.2338	0.5682
shuffled_rows	147	-2.2262	0.4674
shuffled_rows	148	-2.1136	0.5252
shuffled_rows	149	-2.1398	0.3603
shuffled_rows	150	-2.2146	0.3943
shuffled_rows	151	-2.2348	0.4839
shuffled_rows	152	-2.1270	0.5414
shuffled_rows	153	-2.1248	0.6354
shuffled_rows	154	-2.1346	0.5243
shuffled_rows	155	-2.1587	0.4404
shuffled_rows	156	-2.1584	0.5420
shuffled_rows	157	-2.1277	0.3956
shuffled_rows	158	-2.2334	0.6551
shuffled_rows	159	-2.2087	0.5323
shuffled_rows	160	-2.1919	0.3814
shuffled_rows	161	-2.1669	0.4456
shuffled_rows	162	-2.2558	0.5417
shuffled_rows	163	-2.1618	0.6561
shuffled_rows	164	-2.1453	0.7899
shuffled_rows	165	-2.1220	0.4931
shuffled_rows	166	-2.1410	0.5584
shuffled_rows	167	-2.1523	0.4922
shuffled_rows	168	-2.2209	0.4720
shuffled_rows	169	-2.1286	0.5350
shuffled_rows	170	-2.1849	0.3944
shuffled_rows	171	-2.1358	0.5800
shuffled_rows	172	-2.1219	0.6137
shuffled_rows	173	-2.1492	0.6516
shuffled_rows	174	-2.1189	0.7013
shuffled_rows	175	-2.1377	0.6769
shuffled_rows	176	-2.2316	0.5495
shuffled_rows	177	-2.1984	0.2749
shuffled_rows	178	-2.2399	0.4593
shuffled_rows	179	-2.0757	0.7497
shuffled_rows	180	-2.2996	0.4170
shuffled_rows	181	-2.2524	0.5863
shuffled_rows	182	-2.2385	0.5267
shuffled_rows	183	-2.0981	0.7017
shuffled_rows	184	-2.0945	0.7067
shuffled_rows	185	-2.1572	0.4919
shuffled_rows	186	-2.1572	0.4686
shuffled_rows	187	-2.2044	0.4529
shuffled_rows	188	-2.1020	0.4591
shuffled_rows	189	-2.1438	0.5431
shuffled_rows	190	-2.1981	0.4387
shuffled_rows	191	-2.1369	0.4746
shuffled_rows	192	-2.2514	0.4325
shuffled_rows	193	-2.1897	0.2657
shuffled_rows	194	-2.1941	0.4835
shuffled_rows	195	-2.1048	0.5241
shuffled_rows	196	-2.1425	0.4744
shuffled_rows	197	-2.1488	0.8157
shuffled_rows	198	-2.0668	0.7629
shuffled_rows	199	-2.1181	0.5568
shuffled_rows	200	-2.2185	0.4392
shuffled_rows	201	-2.1095	0.4408
shuffled_rows	202	-2.1524	0.3647
shuffled_rows	203	-2.3436	0.5726
shuffled_rows	204	-2.1455	0.7612
shuffled_rows	205	-2.1721	0.3803
shuffled_rows	206	-2.1603	0.6358
shuffled_rows	207	-2.1011	0.3896
shuffled_rows	208	-2.2792	0.6835
shuffled_rows	209	-2.1293	0.5105
shuffled_rows	210	-2.1319	0.4620
shuffled_rows	211	-2.2090	0.5984
shuffled_rows	212	-2.1411	0.7493
shuffled_rows	213	-2.1283	0.6733
shuffled_rows	214	-2.2647	0.4841
shuffled_rows	215	-2.2628	0.4217
shuffled_rows	216	-2.1687	0.5644
shuffled_rows	217	-2.1410	0.5691
shuffled_rows	218	-2.1331	0.5249
shuffled_rows	219	-2.1389	0.4667
shuffled_rows	220	-2.3129	0.4482
shuffled_rows	221	-2.1820	0.3933
shuffled_rows	222	-2.1780	0.3449
shuffled_rows	223	-2.2541	0.4201
shuffled_rows	224	-2.2547	0.6379
shuffled_rows	225	-2.2151	0.4440
shuffled_rows	226	-2.1945	0.4514
shuffled_rows	227	-2.2603	0.3727
shuffled_rows	228	-2.2242	0.4279
shuffled_rows	229	-2.2952	0.3128
shuffled_rows	230	-2.1182	0.7390
shuffled_rows	231	-2.1160	0.9315
shuffled_rows	232	-2.1723	0.3843
shuffled_rows	233	-2.2381	0.4595
shuffled_rows	234	-2.1483	0.4868
shuffled_rows	235	-2.1865	0.3002
shuffled_rows	236	-2.2195	0.3656
shuffled_rows	237	-2.1229	0.5090
shuffled_rows	238	-2.1545	0.5291
shuffled_rows	239	-2.2015	0.3093
shuffled_rows	240	-2.2465	0.4084
shuffled_rows	241	-2.1488	0.5059
shuffled_rows	242	-2.1312	0.5052
shuffled_rows	243	-2.3398	0.6295
shuffled_rows	244	-2.1211	0.3368
shuffled_rows	245	-2.1105	0.6426
shuffled_rows	246	-2.1556	0.5595
shuffled_rows	247	-2.2086	0.3025
shuffled_rows	248	-2.2966	0.3577
shuffled_rows	249	-2.2289	0.3735
shuffled_rows	250	-2.1609	0.3813
shuffled_rows	251	-2.2435	0.6497
shuffled_rows	252	-2.1815	0.5125
shuffled_rows	253	-2.1332	0.4610
shuffled_rows	254	-2.1218	0.6113
shuffled_rows	255	-2.1943	0.3441
shuffled_rows	256	-2.0980	0.6006
shuffled_rows	257	-2.1729	0.4544
shuffled_rows	258	-2.1304	0.6391
shuffled_rows	259	-2.3932	0.3934
shuffled_rows	260	-2.1834	0.4479
shuffled_rows	261	-2.1299	0.6363
shuffled_rows	262	-2.1860	0.5055
shuffled_rows	263	-2.1534	0.4872
shuffled_rows	264	-2.1359	0.6472
shuffled_rows	265	-2.0846	0.4871
shuffled_rows	266	-2.1304	0.4542
shuffled_rows	267	-2.2140	0.4883
shuffled_rows	268	-2.2879	0.5256
shuffled_rows	269	-2.1313	0.5422
shuffled_rows	270	-2.1002	0.5522
shuffled_rows	271	-2.2124	0.4911
shuffled_rows	272	-2.1832	0.4797
shuffled_rows	273	-2.1454	0.4393
shuffled_rows	274	-2.1793	0.6139
shuffled_rows	275	-2.0865	0.5544
shuffled_rows	276	-2.1368	0.4635
shuffled_rows	277	-2.1335	0.3921
shuffled_rows	278	-2.1419	0.5426
shuffled_rows	279	-2.2300	0.4290
shuffled_rows	280	-2.1822	0.4382
shuffled_rows	281	-2.2234	0.5183
shuffled_rows	282	-2.1188	0.6131
shuffled_rows	283	-2.2782	0.5133
shuffled_rows	284	-2.3456	0.7536
shuffled_rows	285	-2.1858	0.4348
shuffled_rows	286	-2.1374	0.3635
shuffled_rows	287	-2.1108	0.6077
shuffled_rows	288	-2.1325	0.5845
shuffled_rows	289	-2.1298	0.5012
shuffled_rows	290	-2.1591	0.3768
shuffled_rows	291	-2.1942	0.4199
shuffled_rows	292	-2.2857	0.3582
shuffled_rows	293	-2.1377	0.4691
shuffled_rows	294	-2.1623	0.6444
shuffled_rows	295	-2.3145	0.4327
shuffled_rows	296	-2.1608	0.3741
shuffled_rows	297	-2.1278	0.5839
shuffled_rows	298	-2.2244	0.6204
shuffled_rows	299	-2.0771	0.7156
text	0	1.7813	3.2174
text	1	1.2163	3.6543
text	2	1.7050	3.0311
text	3	1.6461	3.3651
text	4	1.3381	3.3482
text	5	1.4749	3.3383
text	6	1.1817	3.1788
text	7	1.5598	3.1262
text	8	1.2478	3.3565
text	9	1.6289	3.2118
text	10	1.4156	3.4179
text	11	1.4961	3.1163
text	12	1.1634	3.2359
text	13	1.4712	3.2187
text	14	1.4932	3.1339
text	15	1.8743	3.2318
text	16	1.4629	3.4209
text	17	1.6374	3.2793
text	18	1.6886	3.3927
text	19	1.3961	3.4638
text	20	0.8492	3.2260
text	21	1.2895	3.2286
text	22	1.6823	3.1018
text	23	1.4716	3.4512
text	24	1.4864	3.2333
text	25	1.1362	3.3409
text	26	1.5850	3.2599
text	27	1.6017	3.5844
text	28	1.2587	3.1360
text	29	1.1136	3.0386
text	30	1.4518	3.1942
text	31	1.2474	3.2045
text	32	1.6585	3.1324
text	33	2.0352	3.1914
text	34	1.9914	3.2266
text	35	2.1153	2.9885
text	36	1.1686	3.2086
text	37	1.8383	3.2450
text	38	1.3610	3.2322
text	39	1.4229	3.3094
text	40	1.6954	2.8647
text	41	1.4568	3.0241
text	42	1.7232	3.1359
text	43	2.0452	3.1262
text	44	1.8214	3.4108
text	45	1.4429	3.4683
text	46	1.3997	3.3825
text	47	1.3678	3.4677
text	48	1.2562	3.2559
text	49	1.7756	3.3859
text	50	1.3685	3.3176
text	51	1.2447	3.3026
text	52	1.3748	3.1803
text	53	1.6341	3.3208
text	54	1.6118	3.5038
text	55	1.6208	3.3591
text	56	1.5101	3.0975
text	57	1.9981	3.3747
text	58	1.5215	3.4276
text	59	1.3345	3.2980
text	60	1.4034	3.2535
text	61	1.7255	3.2465
text	62	1.2343	3.4036
text	63	2.1075	2.9398
text	64	1.5330	3.1941
text	65	1.3640	3.6242
text	66	1.8750	3.0010
text	67	1.3372	3.2980
text	68	1.4750	3.5385
text	69	1.9831	3.1726
text	70	2.1449	3.0468
text	71	1.4894	3.0852
text	72	1.3668	3.0546
text	73	1.6509	3.1624
text	74	1.2979	3.3689
text	75	1.5057	3.1328
text	76	1.4075	3.4501
text	77	1.4942	3.6045
text	78	1.5263	3.0511
text	79	1.4353	3.2850
text	80	1.4563	3.3036
text	81	1.3901	3.2189
text	82	1.4059	3.4954
text	83	1.3670	3.3064
text	84	1.8495	2.8886
text	85	1.3960	3.2049
text	86	2.2765	3.2199
text	87	1.3014	3.1480
text	88	1.4569	3.1981
text	89	1.3707	3.3623
text	90	2.0895	3.2505
text	91	1.6171	3.1399
text	92	1.4627	3.4848
text	93	1.5404	3.4343
text	94	1.6882	3.0735
text	95	1.9861	3.3959
text	96	1.9546	3.3426
text	97	1.7114	3.1824
text	98	1.5615	3.0261
text	99	1.4032	3.1177
text	100	1.4916	3.4078
text	101	1.4288	2.9683
text	102	1.5380	3.6133
text	103	1.5785	3.4963
text	104	1.5249	3.3284
text	105	1.3348	3.5359
text	106	1.7534	3.0700
text	107	1.7250	3.4214
text	108	1.3648	3.0996
text	109	1.6073	3.2921
text	110	1.4707	3.6032
text	111	1.2207	3.3289
text	112	1.3347	3.1718
text	113	1.3586	3.2992
text	114	1.5033	3.2344
text	115	1.1904	3.2333
text	116	1.4512	3.1283
text	117	1.5602	3.2230
text	118	1.7748	3.4553
text	119	1.4022	3.3711
text	120	1.2111	3.2695
text	121	1.6197	3.2583
text	122	1.3943	3.5187
text	123	1.3655	3.1570
text	124	1.5802	2.9210
text	125	1.8031	2.9008
text	126	1.5295	3.4635
text	127	1.0600	3.2656
text	128	2.0625	3.4770
text	129	1.9032	3.2273
text	130	1.3530	3.3957
text	131	1.3924	3.4192
text	132	1.3941	3.2978
text	133	1.4895	3.3604
text	134	1.5955	3.2717
text	135	1.4815	3.3951
text	136	1.4549	3.3199
text	137	2.0516	3.1857
text	138	1.6331	3.2215
text	139	1.4661	3.0912
text	140	1.7237	3.0861
text	141	1.5474	3.4300
text	142	1.2117	3.1099
text	143	1.5657	3.0382
text	144	1.4138	3.2380
text	145	1.3419	3.3031
text	146	1.4974	3.1554
text	147	2.1009	3.0188
text	148	1.1661	3.0936
text	149	1.5164	2.9578
text	150	1.4429	3.1905
text	151	1.3475	3.2515
text	152	1.5794	3.0845
text	153	1.4473	3.0437
text	154	1.4677	3.1242
text	155	1.9129	3.1751
text	156	1.1785	3.4286
text	157	1.8059	3.4942
text	158	1.3718	3.2654
text	159	1.6609	2.9404
text	160	1.5650	3.6330
text	161	1.8610	2.9279
text	162	1.9585	3.2808
text	163	1.3709	3.1855
text	164	1.5063	3.3317
text	165	1.7499	3.1738
text	166	1.7086	3.2613
text	167	1.3178	3.2965
text	168	1.3034	3.2531
text	169	1.6987	3.5488
text	170	1.4776	3.0166
text	171	1.4015	3.1960
text	172	1.0683	3.3655
text	173	1.2920	3.4342
text	174	1.1546	3.1230
text	175	1.7284	3.1987
text	176	1.3192	3.1300
text	177	2.0534	3.1064
text	178	1.5514	3.2866
text	179	1.6220	3.3510
text	180	1.7929	2.9790
text	181	1.7049	3.5711
text	182	1.7092	3.2278
text	183	1.4655	3.1123
text	184	1.4272	3.1893
text	185	2.1503	3.1313
text	186	1.7047	3.3010
text	187	1.6353	3.3668
text	188	1.6885	3.0504
text	189	1.3857	3.3530
text	190	1.6917	3.1798
text	191	1.4023	3.3670
text	192	1.5455	3.1153
text	193	1.4071	3.1265
text	194	1.3052	3.2434
text	195	1.1113	3.0448
text	196	1.6094	3.3135
text	197	1.0577	3.3407
text	198	1.4392	3.3553
text	199	1.2188	3.2893
text	200	1.2775	3.2795
text	201	1.4051	3.3159
text	202	1.6018	3.1008
text	203	1.9918	3.5909
text	204	1.5582	3.1005
text	205	1.6628	3.0840
text	206	1.4453	3.1751
text	207	1.4883	3.2035
text	208	1.6102	3.0863
text	209	1.0890	3.1091
text	210	1.3601	3.0706
text	211	1.2812	3.2135
text	212	1.8223	3.4959
text	213	1.3890	3.3310
text	214	1.8026	3.0490
text	215	1.5306	3.2365
text	216	1.5878	3.0967
text	217	1.2113	3.0018
text	218	1.7560	3.1573
text	219	1.6642	3.2085
text	220	1.5966	3.3705
text	221	1.4331	3.5166
text	222	1.6756	3.0423
text	223	1.4052	3.1636
text	224	1.6776	3.4047
text	225	1.8114	3.3443
text	226	1.7794	3.1263
text	227	1.7834	3.2491
text	228	1.6682	3.0817
text	229	1.4187	3.3428
text	230	1.6287	3.5192
text	231	1.8394	3.3297
text	232	1.3702	3.2082
text	233	2.2563	3.1131
text	234	1.6805	3.3780
text	235	1.2599	3.3789
text	236	1.4528	3.5376
text	237	1.6725	3.1122
text	238	1.6303	3.1962
text	239	1.3889	3.8637
text	240	1.2247	3.0848
text	241	1.3724	3.2401
text	242	2.1959	2.9929
text	243	1.8705	3.2808
text	244	1.5407	3.0017
text	245	1.1715	3.3617
text	246	1.2841	3.2919
text	247	1.3677	3.2193
text	248	1.7689	3.1735
text	249	1.7696	3.1696
text	250	1.4545	3.0139
text	251	1.6734	3.2757
text	252	2.5333	2.9897
text	253	1.6306	3.0369
text	254	1.5738	3.5029
text	255	1.3814	3.4292
text	256	1.4604	3.3956
text	257	1.3791	3.2360
text	258	1.6482	3.2346
text	259	1.8043	3.1445
text	260	1.7635	3.3167
text	261	2.1925	3.2209
text	262	1.4470	3.2301
text	263	1.2589	3.2342
text	264	1.4728	3.0575
text	265	1.3805	3.2276
text	266	1.4687	2.9792
text	267	3.2301	3.0573
text	268	1.7879	3.4121
text	269	1.7409	3.2675
text	270	1.5843	3.3123
text	271	1.5392	3.5327
text	272	1.4828	3.0743
text	273	1.5746	3.0273
text	274	1.3508	3.1709
text	275	1.7531	3.0979
text	276	1.9625	3.2911
text	277	1.7593	3.1966
text	278	1.5523	3.0179
text	279	1.3923	3.1611
text	280	1.4790	3.4834
text	281	1.8027	3.0519
text	282	1.3694	3.6485
text	283	1.4164	3.1384
text	284	1.9158	2.9530
text	285	1.2452	3.1712
text	286	1.6085	3.1986
text	287	2.0345	3.0135
text	288	2.0285	3.3794
text	289	1.6715	3.1031
text	290	2.0954	3.3785
text	291	1.1830	3.3494
text	292	1.0630	3.1545
text	293	0.9763	3.2678
text	294	1.1084	3.3690
text	295	1.5429	3.6117
text	296	1.2764	3.4856
text	297	1.4564	3.4064
text	298	1.7558	3.0263
text	299	1.5846	3.0156
