setup	metric	mean	std	min	q25	median	q75	max	iqr	cv
e2_large	readiness_strength	26.336987	2.023752	20.920512	24.954757	26.263406	27.705549	33.181296	2.750792	0.076841
e2_large	asymmetry	1.205769	0.026741	1.136515	1.186592	1.204910	1.222438	1.281959	0.035846	0.022178
e2_large	row_entropy	0.898320	0.006264	0.877903	0.894863	0.898552	0.902456	0.915765	0.007594	0.006973
e2_large	top1_mass	0.064732	0.002396	0.057384	0.063190	0.064768	0.066156	0.072394	0.002966	0.037017
e2_large	top4_mass	0.210595	0.006384	0.191725	0.206423	0.210458	0.214285	0.233194	0.007862	0.030316
e2_large	argmax_dist	5.316510	0.292029	4.515625	5.140625	5.312500	5.515625	6.406250	0.375000	0.054929
e2_large	p_nbr_le1	0.056458	0.026748	0.000000	0.046875	0.054688	0.078125	0.140625	0.031250	0.473764
e2_large	locality_score	0.023359	0.032520	0.000000	0.000000	0.003906	0.036133	0.153320	0.036133	1.392181
e2_large	local_greedy_dist	5.286667	0.288466	4.666667	5.063492	5.285714	5.492063	6.063492	0.428571	0.054565
e2_large	directionality	0.242188	0.025943	0.171875	0.218750	0.234375	0.265625	0.328125	0.046875	0.107118
e2_large	out_degree_std	0.278175	0.022042	0.217063	0.263367	0.278289	0.293618	0.352861	0.030251	0.079237
e2_large	in_degree_std	0.101086	0.007357	0.083200	0.095996	0.100359	0.106384	0.119366	0.010388	0.072782
e2_small	readiness_strength	35.603551	2.882145	28.323831	33.657211	35.500255	37.620728	43.765028	3.963517	0.080951
e2_small	asymmetry	1.198629	0.033281	1.088406	1.175470	1.197591	1.220423	1.284350	0.044953	0.027766
e2_small	row_entropy	0.906978	0.005544	0.890034	0.902923	0.907384	0.910966	0.924145	0.008043	0.006113
e2_small	top1_mass	0.071791	0.002364	0.064977	0.070214	0.071966	0.073419	0.077613	0.003205	0.032923
e2_small	top4_mass	0.218130	0.005016	0.202679	0.214565	0.218046	0.221550	0.229452	0.006985	0.022993
e2_small	argmax_dist	5.363073	0.311820	4.468750	5.140625	5.375000	5.578125	6.171875	0.437500	0.058142
e2_small	p_nbr_le1	0.056719	0.028355	0.000000	0.031250	0.062500	0.078125	0.156250	0.046875	0.499915
e2_small	locality_score	0.020658	0.032976	0.000000	0.000000	0.000000	0.036133	0.162109	0.036133	1.596309
e2_small	local_greedy_dist	5.331217	0.294653	4.539683	5.126984	5.333333	5.507937	6.190476	0.380953	0.055269
e2_small	directionality	0.244010	0.028796	0.171875	0.218750	0.234375	0.265625	0.343750	0.046875	0.118010
e2_small	out_degree_std	0.376556	0.033185	0.302515	0.352943	0.374393	0.399535	0.458744	0.046591	0.088127
e2_small	in_degree_std	0.103152	0.007676	0.083169	0.097592	0.102380	0.108571	0.129676	0.010978	0.074416
e3_ctrl_small	readiness_strength	16.273967	1.389801	12.767895	15.307880	16.278750	17.271762	19.872476	1.963882	0.085400
e3_ctrl_small	asymmetry	0.539102	0.018587	0.489721	0.526531	0.540173	0.551750	0.593638	0.025219	0.034478
e3_ctrl_small	row_entropy	0.975034	0.001033	0.972150	0.974332	0.975047	0.975639	0.977762	0.001308	0.001060
e3_ctrl_small	top1_mass	0.045450	0.001362	0.041981	0.044545	0.045390	0.046276	0.049550	0.001731	0.029965
e3_ctrl_small	top4_mass	0.142828	0.002341	0.136163	0.141066	0.142840	0.144599	0.148671	0.003533	0.016388
e3_ctrl_small	argmax_dist	3.024583	0.333677	2.156250	2.796875	3.031250	3.250000	3.984375	0.453125	0.110322
e3_ctrl_small	p_nbr_le1	0.551615	0.062379	0.359375	0.515625	0.554688	0.593750	0.703125	0.078125	0.113084
e3_ctrl_small	locality_score	0.432891	0.062565	0.252930	0.390625	0.431641	0.475586	0.595703	0.084961	0.144527
e3_ctrl_small	local_greedy_dist	3.896508	0.316107	3.142857	3.678572	3.873016	4.095238	4.841270	0.416666	0.081126
e3_ctrl_small	directionality	0.379010	0.042401	0.218750	0.359375	0.375000	0.406250	0.531250	0.046875	0.111874
e3_ctrl_small	out_degree_std	0.043003	0.003754	0.033928	0.040422	0.043093	0.045451	0.053726	0.005029	0.087288
e3_ctrl_small	in_degree_std	0.013454	0.001169	0.010101	0.012656	0.013475	0.014161	0.017137	0.001505	0.086897
random_uniform	readiness_strength	5.176623	0.431100	4.038754	4.896139	5.129364	5.459281	6.518238	0.563142	0.083278
random_uniform	asymmetry	0.666525	0.011721	0.631214	0.658403	0.666415	0.673156	0.704246	0.014753	0.017586
random_uniform	row_entropy	0.953656	0.001007	0.950897	0.953033	0.953604	0.954396	0.956628	0.001363	0.001056
random_uniform	top1_mass	0.031415	0.000275	0.030662	0.031235	0.031427	0.031596	0.032373	0.000361	0.008762
random_uniform	top4_mass	0.122611	0.001021	0.119652	0.121887	0.122596	0.123302	0.126122	0.001416	0.008324
random_uniform	argmax_dist	5.338385	0.318364	4.484375	5.140625	5.351562	5.546875	6.203125	0.406250	0.059637
random_uniform	p_nbr_le1	0.056146	0.027840	0.000000	0.031250	0.046875	0.078125	0.140625	0.046875	0.495848
random_uniform	locality_score	0.023245	0.035047	0.000000	0.000000	0.000000	0.036133	0.159180	0.036133	1.507674
random_uniform	local_greedy_dist	5.327989	0.288116	4.492063	5.142857	5.349206	5.523810	6.047619	0.380953	0.054076
random_uniform	directionality	0.244115	0.026215	0.187500	0.234375	0.234375	0.265625	0.328125	0.031250	0.107386
random_uniform	out_degree_std	2.271535	0.188821	1.817099	2.143167	2.260635	2.388520	2.950043	0.245352	0.083125
random_uniform	in_degree_std	2.264270	0.193868	1.708240	2.144725	2.256043	2.387050	2.894636	0.242325	0.085621
shuffled_rows	readiness_strength	2.958786	0.154433	2.515282	2.869903	2.964682	3.061834	3.370941	0.191931	0.052195
shuffled_rows	asymmetry	0.260761	0.002952	0.251381	0.258850	0.260730	0.262898	0.267900	0.004048	0.011322
shuffled_rows	row_entropy	0.988999	0.000089	0.988855	0.988942	0.988989	0.989042	0.989346	0.000101	0.000090
shuffled_rows	top1_mass	0.040765	0.000239	0.039791	0.040650	0.040849	0.040955	0.040995	0.000306	0.005872
shuffled_rows	top4_mass	0.116365	0.000337	0.115173	0.116148	0.116421	0.116626	0.116871	0.000478	0.002900
shuffled_rows	argmax_dist	5.326667	0.300736	4.484375	5.125000	5.312500	5.531250	6.312500	0.406250	0.056459
shuffled_rows	p_nbr_le1	0.054583	0.027731	0.000000	0.031250	0.046875	0.078125	0.125000	0.046875	0.508057
shuffled_rows	locality_score	0.023089	0.032830	0.000000	0.000000	0.003906	0.039062	0.159180	0.039062	1.421859
shuffled_rows	local_greedy_dist	5.290212	0.302440	4.507937	5.079365	5.301587	5.507937	6.269841	0.428572	0.057170
shuffled_rows	directionality	0.242188	0.026593	0.187500	0.218750	0.234375	0.265625	0.328125	0.046875	0.109804
shuffled_rows	out_degree_std	0.007807	0.000139	0.007458	0.007725	0.007790	0.007855	0.008463	0.000129	0.017753
shuffled_rows	in_degree_std	0.007133	0.000676	0.005520	0.006683	0.007092	0.007592	0.009204	0.000909	0.094755
text	readiness_strength	23.111123	3.157743	15.417627	20.906481	22.643776	24.791083	34.106837	3.884603	0.136633
text	asymmetry	0.590060	0.036154	0.484292	0.564176	0.586019	0.612303	0.709315	0.048127	0.061272
text	row_entropy	0.961213	0.002318	0.944628	0.960060	0.961448	0.962607	0.966195	0.002547	0.002411
text	top1_mass	0.063880	0.003067	0.057218	0.062199	0.063453	0.065080	0.092089	0.002882	0.048020
text	top4_mass	0.181016	0.005464	0.169241	0.177571	0.180536	0.183433	0.222514	0.005862	0.030186
text	argmax_dist	23.089167	1.431859	18.734375	22.078125	23.078125	23.937500	26.968750	1.859375	0.062014
text	p_nbr_le1	0.030312	0.015012	0.000000	0.015625	0.031250	0.046875	0.078125	0.031250	0.495239
text	locality_score	0.005062	0.017748	0.000000	0.000000	0.000000	0.000000	0.135337	0.000000	3.506351
text	local_greedy_dist	22.442963	1.072458	19.857143	21.805556	22.436508	23.194444	25.269841	1.388889	0.047786
text	directionality	0.529635	0.023347	0.500000	0.515625	0.531250	0.546875	0.609375	0.031250	0.044081
text	out_degree_std	0.054129	0.009351	0.028154	0.047328	0.054625	0.060510	0.081918	0.013182	0.172749
text	in_degree_std	0.010928	0.001070	0.008048	0.010172	0.011040	0.011621	0.014372	0.001449	0.097942
